Name,Leak_Date,Data_Size,File_Count,Details_Link
Klima-Therm,"Oct 19, 2025",312.00 GB,0,
Distribuciones Camba,"Oct 19, 2025",12.00 GB,0,
Kudela & Weinheimer,"Oct 19, 2025",809.00 GB,0,
SANgel,"Oct 19, 2025",0.00 KB,0,
Khatami Law,"Oct 19, 2025",0.00 KB,0,
Laloma,"Oct 19, 2025",20.00 GB,0,
Scales Sales & Service,"Oct 19, 2025",0.00 KB,0,
London Women's Clinic,"Oct 19, 2025",500.00 GB,0,
Stephenson's Rental Services,"Oct 19, 2025","1,170.00 GB",0,
"BIOPHARMEX, SA de CV","Oct 19, 2025",0.00 KB,0,
JA Jennings,"Oct 19, 2025",239.00 GB,0,
Stowaway Storage,"Oct 19, 2025",0.00 KB,0,
Cellini Design Center,"Oct 19, 2025",0.00 KB,0,
Gas Generator Solutions,"Oct 19, 2025",0.00 KB,0,
Octomeca OY,"Oct 19, 2025",0.00 KB,0,
BARCO Rent-A-Truck,"Oct 19, 2025",78.00 GB,0,
Grande Prairie Public Library,"Oct 19, 2025",0.00 KB,0,
Indian Spring Country Club,"Oct 19, 2025",0.00 KB,0,
SIGN Fracture Care International,"Oct 19, 2025",0.00 KB,0,
"Wassa, SRO","Oct 19, 2025",0.00 KB,0,
All Weather Architectural Aluminum,"Oct 19, 2025",269.00 GB,0,
Winholt Equipment Group,"Oct 19, 2025",0.00 KB,0,
Sports Medicine and Orthopaedics,"Oct 19, 2025",0.00 KB,0,
Platinum Wines & Spirits,"Oct 19, 2025",0.00 KB,0,
Force Marketing,"Oct 19, 2025",320.00 GB,0,
The Blood and Marrow Transplant Group of Georgia,"Oct 19, 2025",0.00 KB,0,
Long Island Weight Loss Institute,"Oct 19, 2025",13.00 GB,52713,
pcdpackaging.com,"Oct 16, 2025",0.00 KB,0,
arpis.com,"Oct 16, 2025",512.00 GB,0,
arizonafireplaces.com,"Oct 16, 2025",332.00 GB,0,
coppage.net,"Oct 16, 2025",0.00 KB,0,
gslong.com,"Oct 16, 2025",0.00 KB,0,
bmcinnovation.com,"Oct 16, 2025",0.00 KB,0,
dalton.com,"Oct 16, 2025",230.00 GB,0,
pandarose.ca,"Oct 16, 2025",0.00 KB,0,
Beta Dyne,"Oct 16, 2025",68.00 GB,45980,
Sprague & Jackson,"Oct 15, 2025",49.00 GB,43189,
Middlesex Appraisal Associates,"Oct 15, 2025",24.00 GB,15379,
Rasi Laboratories,"Oct 15, 2025",250.00 GB,0,
Richmond Behavioral Health Authority,"Oct 15, 2025",192.00 GB,393244,
WebCut Converting,"Oct 15, 2025",11.00 GB,파일 수 없음,
Agencia Tributaria,"Oct 15, 2025",60.00 GB,238799,
Centurion Family Office Services LLC,"Oct 15, 2025",0.00 KB,0,
LEYHAUSEN Research,"Oct 15, 2025",0.00 KB,0,
ville-elne,"Oct 15, 2025",0.00 KB,0,
Wheale Law Firm,"Oct 15, 2025",424.00 GB,91864,
Florida Marking Products,"Oct 15, 2025",0.00 KB,0,
Victory Christian Center,"Oct 15, 2025",348.00 GB,0,
Buanderie Blanchelle,"Oct 15, 2025",0.00 KB,0,
Superior Linen Service,"Oct 15, 2025",0.00 KB,0,
Turnkey Africa,"Oct 15, 2025",0.00 KB,0,
Charles River Properties,"Oct 14, 2025",13.00 GB,11388,
"All Truck Transportation Co., Inc.","Oct 14, 2025",261.00 GB,587296,
New Jersey Property-Liability Insurance Guaranty Association,"Oct 14, 2025",244.00 GB,13197,
Pro-Fab,"Oct 14, 2025",0.00 KB,0,
Volkswagen Group France,"Oct 14, 2025",150.00 GB,2000,
Kecy Metal Technologies,"Oct 14, 2025",0.00 KB,0,
SFG Technology Sdn Bhd,"Oct 14, 2025",0.00 KB,0,
Landmark Management,"Oct 14, 2025",0.00 KB,0,
SICE,"Oct 14, 2025",0.00 KB,0,
Alqueria,"Oct 14, 2025",0.00 KB,0,
Urban Linker,"Oct 14, 2025",0.00 KB,0,
Hunter Construction Group,"Oct 14, 2025",4.00 GB,0,
Roger RENARD Entreprise,"Oct 14, 2025",0.00 KB,0,
Home/ Schramm Udo Dipl Kfm Steuerberater,"Oct 14, 2025",0.00 KB,0,
Alu Perpignan,"Oct 14, 2025",0.00 KB,0,
Executive Cabinetry,"Oct 14, 2025",0.00 KB,0,
Rihatec Systemlösungen,"Oct 14, 2025",0.00 KB,0,
Prim Saveurs Import Export,"Oct 14, 2025",0.00 KB,0,
Canapés Mobilier Décoration,"Oct 14, 2025",0.00 KB,0,
Typology,"Oct 14, 2025",0.00 KB,0,
McGeorge Architecture Interiors,"Oct 14, 2025",0.00 KB,0,
LaRosa's,"Oct 14, 2025",0.00 KB,0,
Ditransa,"Oct 14, 2025",0.00 KB,0,
Addis,"Oct 14, 2025",0.00 KB,0,
Trans-World Shipping Service,"Oct 14, 2025",0.00 KB,0,
Gittens Healthcare,"Oct 14, 2025",0.00 KB,0,
"City of Riviera Beach, Florida","Oct 14, 2025",0.00 KB,0,
Buldi,"Oct 14, 2025",0.00 KB,0,
Paris Rétina Vision,"Oct 14, 2025",0.00 KB,0,
ZEF's,"Oct 14, 2025",0.00 KB,0,
Sistema Odontológico Privado,"Oct 14, 2025",0.00 KB,0,
H. Gascon,"Oct 14, 2025",132.00 GB,0,
Polar-studio,"Oct 14, 2025",48.00 GB,0,
Capitol Construction Services,"Oct 14, 2025","1,400.00 GB",0,
Morris-Sockle,"Oct 14, 2025",520.00 GB,0,
HMP Global,"Oct 14, 2025",174.00 GB,0,
Catawba County Government,"Oct 14, 2025",432.00 GB,0,
Repeated Signal Solutions,"Oct 14, 2025","10,200.00 GB",0,
Club Lleuresport,"Oct 14, 2025",54.00 GB,0,
Tong Yang Group,"Oct 14, 2025",100.00 GB,0,
Radiant Beauty Supplies,"Oct 14, 2025",62.00 GB,0,
MPM Imports,"Oct 14, 2025",55.00 GB,0,
DV Hardwoods,"Oct 14, 2025",83.00 GB,10685,
Force Marketing,"Oct 14, 2025",210.00 GB,114590,
M&E Global Group,"Oct 14, 2025",98.00 GB,113768,
JW Howard Attorneys,"Oct 14, 2025",637.00 GB,386832,
Bank3,"Oct 13, 2025",149.00 GB,71358,
San Bernard Electric Cooperative,"Oct 13, 2025",290.00 GB,313185,
SourceOne Corporation,"Oct 13, 2025",528.00 GB,346406,
hautsdefrance.fr,"Oct 13, 2025","1,100.00 GB",0,
Frisquet,"Oct 12, 2025",13.00 GB,21055,
Dynamic Precision Sverige,"Oct 12, 2025",49.00 GB,17272,
Valtorta,"Oct 12, 2025",83.00 GB,46940,
Pratt Homes,"Oct 12, 2025",0.00 KB,0,
Team Schierl Companies,"Oct 12, 2025",631.00 GB,253137,
DuVal & Associates,"Oct 11, 2025",0.00 KB,0,
Greenstar Social Marketing,"Oct 11, 2025",0.00 KB,0,
Atarfil,"Oct 11, 2025",500.00 GB,0,
Karnes Electric Cooperative,"Oct 10, 2025",337.00 GB,270645,
Artan Holding,"Oct 10, 2025",41.00 GB,1303,
grupocaparros.com,"Oct 10, 2025",461.00 GB,파일 수 없음,
Midsun Group,"Oct 9, 2025",198.00 GB,58589,
MBS Secure,"Oct 9, 2025",171.00 GB,54233,
ePayData,"Oct 9, 2025",0.00 KB,0,
www.datamaxx.com,"Oct 8, 2025",616.00 GB,1333468,
Spectra Logic+DATA,"Oct 8, 2025","1,730.00 GB",0,
cameronhodges.com,"Oct 7, 2025",163.00 GB,77930,
Massachusetts Bay Community College,"Oct 7, 2025",56.00 GB,97000,
"Asahi Group Holdings, Ltd.","Oct 7, 2025",27.00 GB,9323,
propertytaxconsulting.com,"Oct 7, 2025",0.00 KB,0,
Clifford Paper Inc,"Oct 6, 2025",34.00 GB,80896,
www.ucisd.net,"Oct 6, 2025",0.00 KB,0,
www.landmarkmgtinc.com,"Oct 6, 2025",29.00 GB,파일 수 없음,
bms.bsd-ri.net,"Oct 6, 2025",0.00 KB,0,
ville-saintclaude.fr,"Oct 6, 2025",0.00 KB,0,
Lipapromet,"Oct 6, 2025",0.00 KB,0,
California Golf Club of San Francisco,"Oct 5, 2025",10.00 GB,12000,
uhlcompany.com,"Oct 4, 2025",105.00 GB,118993,
Rihatec.de,"Oct 4, 2025",28.00 GB,34614,
kecymetals.com,"Oct 4, 2025",0.00 KB,0,
kanzlei-schramm.com,"Oct 4, 2025",0.00 KB,0,
Pratt Homes,"Oct 4, 2025",0.00 KB,0,
mcgeorgeai.com,"Oct 4, 2025",145.00 GB,파일 수 없음,
AIP Asset Management,"Oct 4, 2025",253.00 GB,95633,
BCR Recouvrement,"Oct 4, 2025",30.00 GB,51163,
IONODES,"Oct 3, 2025",0.00 KB,0,
Corban OneSource,"Oct 3, 2025",0.00 KB,0,
Mitchell Industries,"Oct 2, 2025",0.00 KB,0,
Cooptech.hu,"Oct 2, 2025","1,023.00 GB",320293,
sagchip.org,"Oct 2, 2025",331.00 GB,886393,
corpservice.com,"Oct 2, 2025",361.00 GB,84358,
Shamir Medical Center,"Oct 2, 2025",0.00 KB,0,
LE TOIT FOREZIEN,"Oct 2, 2025",0.00 KB,0,
Mitrani Rynor Adamsky & Toland,"Oct 1, 2025","2,457.00 GB",2880877,
www.auto-bernhard.at,"Sep 30, 2025",99.00 GB,79882,
Foremost Asset Management,"Sep 30, 2025",234.00 GB,55439,
Petraville Asset Management,"Sep 30, 2025",53.00 GB,20908,
Mobidic Asset Management,"Sep 30, 2025",39.00 GB,29800,
TRAUM Investment Co.,"Sep 30, 2025",37.00 GB,55232,
Mecklenburg County Public Schools,"Sep 29, 2025",305.00 GB,382697,
"Development Services Group, Inc.","Sep 28, 2025",165.00 GB,42014,
PTR Asset Management,"Sep 28, 2025",668.00 GB,830819,
Rectory School,"Sep 27, 2025",143.00 GB,352229,
thomasmhughes.com,"Sep 26, 2025",59.00 GB,0,
Podo Asset Management,"Sep 25, 2025",0.00 KB,0,
XCAssociates,"Sep 25, 2025",0.00 KB,0,
WEST Inc.,"Sep 25, 2025",0.00 KB,0,
HUB ASSET MANAGEMENT Co,"Sep 25, 2025",0.00 KB,0,
Summit Asset Management,"Sep 25, 2025",0.00 KB,0,
Trustar Capital Management Co,"Sep 25, 2025",0.00 KB,0,
lakehaven.org,"Sep 25, 2025",0.00 KB,0,
halemakua.org,"Sep 25, 2025",0.00 KB,0,
grupobocel.com,"Sep 25, 2025",0.00 KB,0,
sperispa.com,"Sep 25, 2025",690.00 GB,0,
regalmold.com,"Sep 25, 2025",0.00 KB,0,
smpeurope.com,"Sep 25, 2025",232.00 GB,0,
waxhaw.com,"Sep 25, 2025",619.00 GB,0,
oconnorcp.com,"Sep 25, 2025",0.00 KB,0,
turfvalley.com,"Sep 25, 2025",222.00 GB,0,
heparks.org,"Sep 25, 2025",0.00 KB,0,
Pangea Travel Store,"Sep 25, 2025",285.00 GB,195469,
www.officepro.cl,"Sep 24, 2025",0.00 KB,0,
www.mpmimports.com.cy,"Sep 24, 2025",0.00 KB,0,
www.sopsrl.com,"Sep 24, 2025",0.00 KB,0,
www.chinup.com.tw,"Sep 23, 2025",0.00 KB,0,
www.cr-installers.com,"Sep 23, 2025",0.00 KB,0,
www.meduane-habitat.fr,"Sep 23, 2025",0.00 KB,0,
www.apm-finance.de,"Sep 23, 2025",0.00 KB,0,
KLG Vertrieb GmbH,"Sep 23, 2025",111.00 GB,116150,
Apex Bulk,"Sep 22, 2025",137.00 GB,192013,
nfinorth.com,"Sep 22, 2025","1,700.00 GB",0,
ZEF,"Sep 21, 2025",500.00 GB,0,
goodcents.com,"Sep 20, 2025",0.00 KB,0,
NV ELMAR,"Sep 20, 2025",0.00 KB,0,
cegconstruction.com,"Sep 20, 2025",0.00 KB,0,
Edelman&Edelman,"Sep 20, 2025",0.00 KB,0,
Promociones Luis Barros,"Sep 19, 2025",172.00 GB,162868,
EUM Asset Management,"Sep 18, 2025",0.00 KB,0,
Broad High Asset Management,"Sep 18, 2025",10.00 GB,16260,
ST Asset Management Co,"Sep 18, 2025",0.00 KB,0,
EOS Asset management,"Sep 18, 2025",0.00 KB,0,
Orum Asset management,"Sep 18, 2025",0.00 KB,0,
Dblock Asset Management Co,"Sep 18, 2025",0.00 KB,0,
SUNIQUE Asset Management Co,"Sep 17, 2025",0.00 KB,0,
Zebra Asset Management Co,"Sep 17, 2025",0.00 KB,0,
Saebom Asset Management,"Sep 17, 2025",0.00 KB,0,
spartanburgcounty,"Sep 17, 2025",390.00 GB,488711,
BiznessHosting,"Sep 16, 2025",0.00 KB,0,
www.vdyne.com,"Sep 16, 2025",278.00 GB,39000,
"Inotiv, Inc","Sep 14, 2025",176.00 GB,161967,
Pollex Asset Management Co.,"Sep 14, 2025",0.00 KB,0,
Awesome Asset Management Co,"Sep 14, 2025",5.00 GB,10552,
Human and Bridge Asset Management,"Sep 14, 2025",0.00 KB,0,
Klarman Asset Management,"Sep 14, 2025",0.00 KB,0,
LX Asset Management,"Sep 14, 2025",0.00 KB,0,
Melon Asset Management Co.,"Sep 14, 2025",0.00 KB,0,
Majesty Asset Management Co.,"Sep 14, 2025",0.00 KB,0,
APEX Asset Management,"Sep 14, 2025",0.00 KB,0,
VANCHOR Asset Management,"Sep 14, 2025",0.00 KB,0,
Office Of The Registrar Of Political Parties,"Sep 14, 2025",27.00 GB,0,
opso.us,"Sep 13, 2025",842.00 GB,0,
bio3g.com,"Sep 13, 2025",0.00 KB,0,
trchealthcare.com,"Sep 13, 2025",0.00 KB,0,
volinc.com,"Sep 13, 2025",0.00 KB,0,
ashe.com.co,"Sep 12, 2025",753.00 GB,855600,
Eagle Excavation,"Sep 12, 2025",0.00 KB,0,
UT HEALTH Austin,"Sep 12, 2025",9.00 GB,16249,
EURORDIS,"Sep 12, 2025",20.00 GB,8130,
PQCNC Hospitals,"Sep 12, 2025",9.00 GB,4500,
American Journal of Managed Care - AJMC,"Sep 12, 2025",40.00 GB,59726,
denali-industrial.com,"Sep 12, 2025",0.00 KB,0,
TAKwest,"Sep 11, 2025",228.00 GB,0,
Pieffe Auto Group,"Sep 11, 2025",0.00 KB,0,
Wouters France,"Sep 9, 2025",0.00 KB,0,
cvillesettlementco.com,"Sep 9, 2025",460.00 GB,0,
Ekotrade,"Sep 8, 2025",900.00 GB,950682,
Plan B Die Fachanwaltskanzlei,"Sep 8, 2025",330.00 GB,0,
EPLS: Entreprise d'Installations électriques Courant Fort,"Sep 8, 2025",416.00 GB,303740,
runaces.com,"Sep 7, 2025",0.00 KB,0,
Mechatronics,"Sep 6, 2025",0.00 KB,0,
optometrics.com,"Sep 6, 2025",0.00 KB,0,
BKV Group,"Sep 5, 2025",378.00 GB,217632,
Running Aces,"Sep 5, 2025",600.00 GB,571323,
flamgard.co.uk,"Sep 3, 2025",0.00 KB,0,
Master System Inc,"Sep 3, 2025",0.00 KB,0,
musimmas.com,"Sep 3, 2025",0.00 KB,0,
NPIAV,"Sep 3, 2025",148.00 GB,93800,
elche.es,"Sep 3, 2025",823.00 GB,0,
blytheco.com,"Sep 3, 2025",324.00 GB,0,
identic.be,"Sep 2, 2025",0.00 KB,0,
Osaki Medical,"Sep 2, 2025",113.00 GB,273512,
PathoQuest-Biotechnology Research,"Sep 1, 2025",147.00 GB,171577,
L&S Proline,"Aug 30, 2025",0.00 KB,0,
Tecnología Especializada Asociada de México,"Aug 30, 2025",622.00 GB,291000,
ESIC_TR,"Aug 30, 2025",421.00 GB,97000,
Rivertown Surgey Center,"Aug 30, 2025",0.00 KB,0,
atlanta neighborhood charter school,"Aug 29, 2025",0.00 KB,137000,
"Town of Chatham, MASSACHUSETTS","Aug 28, 2025",0.00 KB,0,
ogdenpubs.com,"Aug 28, 2025",0.00 KB,0,
ibew1547.org,"Aug 28, 2025",0.00 KB,0,
allphaselandscape.net,"Aug 28, 2025",280.00 GB,135000,
Ekmanian Tax & Accounting,"Aug 28, 2025",0.00 KB,0,
gmcontractinginc.com,"Aug 28, 2025",18.00 GB,0,
camaradealmeria.com,"Aug 27, 2025",771.00 GB,138450,
Weathercraft Companies,"Aug 27, 2025",0.00 KB,0,
brebeuf.org,"Aug 26, 2025",0.00 KB,40250,
www.nuggetent.com,"Aug 25, 2025",0.00 KB,0,
gibbswire.com,"Aug 25, 2025",0.00 KB,0,
nrlassoc.com,"Aug 25, 2025",0.00 KB,0,
www.ecodemolizionisrl.com,"Aug 22, 2025",0.00 KB,0,
Inicio - Ganadería Revuelta,"Aug 22, 2025",639.00 GB,1216506,
www.greneker.com,"Aug 21, 2025",0.00 KB,0,
naturefresh.ca,"Aug 21, 2025",0.00 KB,0,
www.gillette-ac.com,"Aug 21, 2025",0.00 KB,0,
Spohn + Burkhardt GmbH & Co KG,"Aug 21, 2025",610.00 GB,675000,
Fullerton Surgical Center (FSC),"Aug 20, 2025",0.00 KB,0,
Nissan CBI,"Aug 20, 2025","4,037.00 GB",405882,
"DAOR E&C Co., Ltd","Aug 20, 2025",417.00 GB,0,
idscorporation.com,"Aug 20, 2025",161.00 GB,0,
garnertrucking.com,"Aug 20, 2025",0.00 KB,0,
ihrser.wpcomstaging.com,"Aug 20, 2025",0.00 KB,0,
netfusionconsulting.com,"Aug 20, 2025",0.00 KB,0,
insoca.es,"Aug 20, 2025",648.00 GB,0,
herker.com,"Aug 20, 2025",0.00 KB,0,
haaker.com,"Aug 20, 2025",352.00 GB,0,
lee-irvine.com,"Aug 20, 2025",523.00 GB,0,
logis-tech.com,"Aug 20, 2025",0.00 KB,0,
apderm.com,"Aug 20, 2025",113.00 GB,파일 수 없음,
medosweet.com,"Aug 20, 2025",0.00 KB,0,
amsainc.com,"Aug 20, 2025",76.00 GB,202346,
seabridge.eu+efico.com,"Aug 19, 2025",0.00 KB,0,
swanforlife.com,"Aug 18, 2025",0.00 KB,0,
www.canionsrl.com,"Aug 18, 2025",0.00 KB,0,
diversifiedcpc.com,"Aug 18, 2025",0.00 KB,0,
www.wyongleagues.com.au,"Aug 17, 2025",0.00 KB,0,
Xperthair,"Aug 16, 2025",0.00 KB,0,
ethicalpackaging.co.uk,"Aug 15, 2025",0.00 KB,0,
Morgenstern AG,"Aug 15, 2025",0.00 KB,0,
marma.com.pl,"Aug 15, 2025",0.00 KB,0,
fortsmithschools.org,"Aug 15, 2025",0.00 KB,0,
cadex.com,"Aug 14, 2025",0.00 KB,0,
smefazur.fr,"Aug 13, 2025",0.00 KB,0,
apderm.com,"Aug 13, 2025",113.00 GB,파일 수 없음,
The Paul Wilkinson Law Firm,"Aug 13, 2025","1,800.00 GB",1580000,
ffs.com,"Aug 13, 2025",0.00 KB,0,
Uganda Electricity Transmission Company Limited,"Aug 12, 2025",0.00 KB,0,
Ahtna Incorporated,"Aug 12, 2025",0.00 KB,0,
venturecreditunion.com,"Aug 12, 2025",0.00 KB,0,
Haeger & Schmidt Logistics,"Aug 12, 2025",0.00 KB,0,
Assisted Living Pharmacy Service LLC,"Aug 12, 2025",150.00 GB,0,
syncadd.com,"Aug 12, 2025",0.00 KB,0,
northernconstruction.com,"Aug 12, 2025",160.00 GB,0,
bvasd.net,"Aug 12, 2025",0.00 KB,0,
burmann.de,"Aug 11, 2025",0.00 KB,0,
liabergamo.it,"Aug 11, 2025",0.00 KB,0,
empur,"Aug 11, 2025",0.00 KB,0,
Charak Center for Health,"Aug 11, 2025",254.00 GB,0,
www.captrade.com,"Aug 10, 2025",614.00 GB,0,
L-Pimenta (etdeletronics),"Aug 10, 2025",0.00 KB,0,
agrofair,"Aug 10, 2025",310.00 GB,212802,
formacompany,"Aug 8, 2025",0.00 KB,0,
jtekt.eu,"Aug 8, 2025",0.00 KB,0,
getech.com,"Aug 8, 2025",0.00 KB,0,
Metricon Homes,"Aug 7, 2025",128.00 GB,98734,
St Thomas More Catholic High School,"Aug 7, 2025",0.00 KB,0,
shinko plastics co. ltd,"Aug 7, 2025",0.00 KB,0,
Belmont christian college,"Aug 7, 2025",6.00 GB,12348,
CIMEXSTEEL.CZ,"Aug 7, 2025",763.00 GB,0,
studebakersubmetering.com,"Aug 7, 2025",0.00 KB,0,
Çağrı Group,"Aug 7, 2025",517.00 GB,0,
csrepair.com,"Aug 7, 2025",12.00 GB,0,
lodipd.org,"Aug 7, 2025",197.00 GB,0,
bohrensmoving.com,"Aug 7, 2025",0.00 KB,0,
camdon.ca,"Aug 7, 2025",60.00 GB,100189,
avosinamed.com,"Aug 7, 2025",0.00 KB,0,
lpco.co,"Aug 7, 2025","1,600.00 GB",0,
ryeco.com,"Aug 7, 2025",0.00 KB,0,
Marubishi Group,"Aug 7, 2025",353.00 GB,0,
Tape Ruvicha,"Aug 6, 2025",236.00 GB,505324,
Moniz Silva international,"Aug 6, 2025",0.00 KB,0,
Braun Electric Company,"Aug 6, 2025",172.00 GB,36800,
ferrocortes,"Aug 6, 2025",0.00 KB,0,
Kengen,"Aug 6, 2025",0.00 KB,0,
Savage Law Firm,"Aug 6, 2025",0.00 KB,0,
Bricotech,"Aug 4, 2025",163.00 GB,46372,
alpresor.se,"Aug 4, 2025",28.00 GB,52443,
easternadjustment.com,"Aug 4, 2025",11.00 GB,9000,
Aggressive Air Compressor & co,"Aug 3, 2025",74.00 GB,150000,
fortsmithschools.org,"Aug 1, 2025",0.00 KB,0,
envac.es,"Aug 1, 2025",0.00 KB,0,
cadex.com,"Aug 1, 2025",0.00 KB,0,
Ahtna Incorporated,"Jul 31, 2025",0.00 KB,0,
www.afmco.jo,"Jul 30, 2025",0.00 KB,0,
PDC www.cobranzasbeta.com.co,"Jul 30, 2025",0.00 KB,0,
Custom Food Ingredients,"Jul 29, 2025",64.00 GB,129818,
tissot.com,"Jul 29, 2025",0.00 KB,0,
azurewave.com,"Jul 29, 2025",0.00 KB,0,
Yapi Teknik Proje,"Jul 28, 2025",0.00 KB,0,
Astro Industries Inc.,"Jul 25, 2025",56.00 GB,0,
morgan911.org,"Jul 24, 2025",0.00 KB,0,
BALNEARIO DE MONDARIZ,"Jul 24, 2025",109.00 GB,82514,
foiegrasespinet,"Jul 24, 2025",0.00 KB,0,
moonsafari,"Jul 24, 2025",0.00 KB,0,
jaegerndorfer.at,"Jul 23, 2025",0.00 KB,0,
www.barobinson.com,"Jul 23, 2025",0.00 KB,0,
DelCampo,"Jul 23, 2025",15.00 GB,0,
Windsor Door,"Jul 21, 2025",64.00 GB,106215,
chainstoreguide.com,"Jul 21, 2025",111.00 GB,0,
Bronze Craft,"Jul 21, 2025",438.00 GB,212905,
Krusell,"Jul 21, 2025",111.00 GB,0,
ARCTICGROUP,"Jul 19, 2025",147.00 GB,254313,
WIBAIE,"Jul 18, 2025",0.00 KB,0,
Tiger Communications,"Jul 18, 2025",248.00 GB,408179,
www.balkankalip.com,"Jul 17, 2025",126.00 GB,0,
KEP Credit Union KEP,"Jul 16, 2025",0.00 KB,0,
joseantoniorodriguez.com,"Jul 16, 2025",0.00 KB,0,
Specialty Components,"Jul 16, 2025",0.00 KB,0,
Halvorsen Family Law Group,"Jul 15, 2025",0.00 KB,0,
WH Rogers Sheet Metal,"Jul 15, 2025",0.00 KB,0,
City of Green River,"Jul 15, 2025",42.00 GB,28757,
The Paul Wilkinson Law Firm,"Jul 15, 2025",0.00 KB,0,
ProActive Solutions USA,"Jul 15, 2025",0.00 KB,0,
"Culver's Lawn & Landscape, Inc.","Jul 14, 2025",122.00 GB,206769,
Ritenour School District,"Jul 14, 2025",0.00 KB,0,
VM Racing,"Jul 13, 2025",83.00 GB,1041539,
pinnacle Roofing and Exteriors,"Jul 13, 2025",0.00 KB,0,
Darien Telephone,"Jul 11, 2025",0.00 KB,0,
nexa.bb,"Jul 11, 2025",0.00 KB,0,
www.intereum.com,"Jul 11, 2025",0.00 KB,0,
fuld.com,"Jul 11, 2025",0.00 KB,0,
Consorzio di Bonifica Adige Po,"Jul 10, 2025",101.00 GB,137556,
lawforpersonalinjury.com,"Jul 9, 2025",0.00 KB,0,
QUEENSLAND NICKEL SALES,"Jul 9, 2025",0.00 KB,0,
Microf,"Jul 9, 2025",0.00 KB,0,
ResourceEnergy,"Jul 8, 2025",0.00 KB,0,
volpatoindustrie.it,"Jul 7, 2025",110.00 GB,272570,
Ridewill SRL,"Jul 7, 2025",44.00 GB,1060996,
knightknox,"Jul 4, 2025",100.00 GB,100000,
Cenomi Retail,"Jul 3, 2025",816.00 GB,3157032,
vresystems.com,"Jul 3, 2025",186.00 GB,175028,
Punta Del Agua,"Jul 2, 2025",0.00 KB,0,
atlantissubmarines,"Jul 2, 2025",0.00 KB,0,
QUINTADAMARINHA.com,"Jul 2, 2025",0.00 KB,0,
Mainetti,"Jul 2, 2025",0.00 KB,0,
fcsserves.org,"Jul 2, 2025",0.00 KB,0,
conlonproducts.net,"Jul 1, 2025",25.00 GB,0,
corpdvs.com,"Jul 1, 2025",26.00 GB,0,
capmark.org,"Jul 1, 2025",340.00 GB,0,
LP Charpente,"Jul 1, 2025",0.00 KB,0,
mpark.net,"Jul 1, 2025",229.00 GB,0,
parsons-peebles.com,"Jul 1, 2025",62.00 GB,0,
villagecoin.com,"Jul 1, 2025",100.00 GB,0,
steeplechasetool.com,"Jul 1, 2025",76.00 GB,0,
schumacherauto.com,"Jul 1, 2025",500.00 GB,0,
port-orange.org,"Jul 1, 2025",723.00 GB,0,
Accu Reference Medical Lab,"Jul 1, 2025",667.00 GB,0,
www.nuphoton.com,"Jun 30, 2025",0.00 KB,0,
semco-tech.com,"Jun 30, 2025",0.00 KB,0,
ste-energy.com,"Jun 30, 2025",0.00 KB,0,
"simmons-Boardman Publishing, Inc","Jun 30, 2025",0.00 KB,0,
Alert Medical Alarms,"Jun 30, 2025",70.00 GB,52436,
exhibits-intl.com,"Jun 29, 2025",0.00 KB,0,
slyfoxbeer.com,"Jun 28, 2025",20.00 GB,21659,
SiloKing,"Jun 27, 2025",0.00 KB,0,
schmitzmix.com,"Jun 27, 2025",81.00 GB,0,
buffalomarine.com,"Jun 27, 2025",86.00 GB,0,
artexmanagement.com,"Jun 27, 2025",98.00 GB,0,
broadleafgame.com,"Jun 27, 2025",121.00 GB,0,
greatcdltraining.com,"Jun 27, 2025",200.00 GB,0,
elpasoglass.com,"Jun 27, 2025",49.00 GB,0,
melilla.es,"Jun 26, 2025",0.00 KB,0,
Tappoo Group of Companies,"Jun 26, 2025",0.00 KB,0,
Airbus SLC México,"Jun 26, 2025",51.00 GB,95803,
Airedale Springs,"Jun 25, 2025",0.00 KB,0,
"Habitat for Humanity of Greater Sioux Falls, Inc.","Jun 25, 2025",0.00 KB,0,
AEROBLOX,"Jun 25, 2025",0.00 KB,0,
gudeco.de,"Jun 25, 2025",0.00 KB,0,
Tecore,"Jun 25, 2025",0.00 KB,0,
CMI,"Jun 25, 2025",0.00 KB,0,
sbh,"Jun 24, 2025",0.00 KB,0,
www.covenanthealth.net,"Jun 24, 2025",0.00 KB,0,
Estes Forwarding Worldwide,"Jun 23, 2025",0.00 KB,0,
"Quaser Machine Tools, Inc","Jun 23, 2025","2,000.00 GB",0,
sklepy-komfort,"Jun 22, 2025",0.00 KB,0,
rioglass-solar,"Jun 19, 2025",0.00 KB,0,
caldine,"Jun 19, 2025",0.00 KB,0,
januschke.at,"Jun 19, 2025",0.00 KB,0,
glwholesale.com,"Jun 19, 2025",511.00 GB,251980,
fiestafranchise.com,"Jun 18, 2025",870.00 GB,0,
gmaxequine.com,"Jun 18, 2025",8.00 GB,0,
nipro.com,"Jun 18, 2025",400.00 GB,0,
spacebridge.com,"Jun 18, 2025","1,300.00 GB",0,
accu-search.com,"Jun 18, 2025",3.00 GB,17354,
mileschristi.org,"Jun 18, 2025",88.00 GB,0,
kontek.com,"Jun 18, 2025",274.00 GB,0,
hparchitecture.com,"Jun 18, 2025",50.00 GB,0,
springbrooksoftware.com,"Jun 18, 2025","1,200.00 GB",0,
connexcu.org,"Jun 18, 2025",161.00 GB,0,
nardinifire.com,"Jun 18, 2025",28.00 GB,0,
realityfinance.com,"Jun 18, 2025",130.00 GB,0,
infiniteservices.org,"Jun 18, 2025",483.00 GB,0,
windowmaster.com,"Jun 17, 2025",530.00 GB,0,
SUSTA-STAMPI,"Jun 16, 2025",300.00 GB,99999,
www.skv.com,"Jun 16, 2025",455.00 GB,285272,
moserengineering.com,"Jun 14, 2025",0.00 KB,0,
spg.net,"Jun 14, 2025",120.00 GB,108811,
sgapl.com.au,"Jun 12, 2025",500.00 GB,0,
isd1.org,"Jun 12, 2025",29.00 GB,0,
ipmatters.com,"Jun 12, 2025",0.00 KB,0,
talismancivil.com,"Jun 12, 2025",576.00 GB,0,
skirball.org,"Jun 12, 2025","1,000.00 GB",0,
garmonandcompany.com,"Jun 12, 2025",192.00 GB,0,
wilsonappliance.com,"Jun 12, 2025",43.00 GB,0,
haydist.com,"Jun 12, 2025",50.00 GB,0,
biokplus.com,"Jun 12, 2025",253.00 GB,0,
dcinvestors.com,"Jun 12, 2025","1,600.00 GB",0,
McCracken Financial Solutions,"Jun 12, 2025",0.00 KB,0,
upstartpower.com,"Jun 12, 2025",89.00 GB,0,
lakebook.com,"Jun 12, 2025",175.00 GB,0,
550madison.com,"Jun 12, 2025",700.00 GB,0,
faycom,"Jun 12, 2025",0.00 KB,0,
achen.com,"Jun 12, 2025",311.00 GB,0,
titantrailers.com,"Jun 11, 2025","1,700.00 GB",628679,
nucamprv.com,"Jun 11, 2025",306.00 GB,196648,
fasse.com,"Jun 11, 2025",98.00 GB,130000,
Eaton Babb & Smith,"Jun 11, 2025",0.00 KB,0,
bioalleva,"Jun 11, 2025",0.00 KB,0,
www.kerrvilleisd.net,"Jun 10, 2025",0.00 KB,0,
palawancoop hospital,"Jun 10, 2025",38.00 GB,45000,
rmzoilfield.com,"Jun 9, 2025",0.00 KB,0,
Asefa Insuarance,"Jun 9, 2025",210.00 GB,0,
ecoter,"Jun 9, 2025",0.00 KB,0,
www.aamco.com,"Jun 8, 2025",300.00 GB,300000,
dugoni,"Jun 8, 2025",0.00 KB,0,
girv,"Jun 8, 2025",0.00 KB,0,
garlandsinc.com,"Jun 6, 2025",0.00 KB,76215,
www.harpsterequipment.com,"Jun 6, 2025",0.00 KB,0,
apollomd.com,"Jun 6, 2025",238.00 GB,0,
lawyersmutual.com,"Jun 6, 2025",164.00 GB,0,
www.waveny.org,"Jun 5, 2025",0.00 KB,0,
appotech,"Jun 5, 2025",0.00 KB,0,
accuvein.com,"Jun 5, 2025",93.00 GB,0,
britteninc.com,"Jun 5, 2025",447.00 GB,0,
brucknertruck.com,"Jun 5, 2025",340.00 GB,0,
microman.com,"Jun 5, 2025",8.00 GB,0,
cityofbelvedere.org,"Jun 5, 2025",25.00 GB,0,
regentscapital.com,"Jun 5, 2025",99.00 GB,0,
regen.com,"Jun 5, 2025",27.00 GB,0,
frylite.com,"Jun 5, 2025",70.00 GB,0,
golf-schoenenberg.ch,"Jun 5, 2025",75.00 GB,0,
Peninsula Kidney Associates,"Jun 4, 2025",0.00 KB,0,
FLOE International,"Jun 3, 2025",0.00 KB,0,
sky,"Jun 2, 2025",0.00 KB,0,
basakkent,"Jun 2, 2025",0.00 KB,0,
VANTAGE,"May 31, 2025","2,000.00 GB",0,
radicon,"May 30, 2025",0.00 KB,0,
office-national,"May 30, 2025",0.00 KB,0,
Alten Sakai & Company LLP,"May 30, 2025",555.00 GB,390000,
wheel-king,"May 29, 2025",0.00 KB,0,
evergreen-hotel,"May 29, 2025",0.00 KB,0,
mhmlawgroup.com,"May 29, 2025",246.00 GB,0,
hallmarknameplate.com,"May 29, 2025",44.00 GB,0,
tmcousa.com,"May 29, 2025",228.00 GB,0,
ccllabel.com,"May 29, 2025",12.00 GB,0,
cpshawaii.net,"May 29, 2025",334.00 GB,0,
logan.edu,"May 29, 2025",592.00 GB,0,
teamhorner.com,"May 29, 2025",100.00 GB,0,
a1trusses.com,"May 29, 2025",511.00 GB,0,
personalassistants.com,"May 29, 2025",130.00 GB,0,
bcps.k12.va.us,"May 29, 2025",315.00 GB,0,
Cape Robbin Inc,"May 27, 2025",15.00 GB,0,
Lasercam,"May 27, 2025",0.00 KB,0,
www.nexus.edu.my,"May 27, 2025",0.00 KB,0,
Centralno grijanje Tuzla,"May 26, 2025",191.00 GB,0,
innovasystems.com,"May 24, 2025",0.00 KB,0,
Chalmers Suspensions International,"May 23, 2025",253.00 GB,0,
Berko İlaç Ve Ki̇mya San Aş,"May 22, 2025",0.00 KB,0,
radiologue.paris,"May 22, 2025",0.00 KB,0,
Cacspmec,"May 22, 2025",0.00 KB,0,
The Holiday:Adult Care Community & Retirement Homes,"May 21, 2025",0.00 KB,0,
Sistéo Communications: Accueil,"May 20, 2025",0.00 KB,0,
tennsco.com,"May 20, 2025",0.00 KB,0,
edgeanalytical.com,"May 19, 2025",0.00 KB,0,
scelltech.com,"May 16, 2025",137.00 GB,0,
aldersonlaw.com,"May 16, 2025",163.00 GB,0,
compagnons-du-devoir.com,"May 16, 2025",150.00 GB,0,
gestionnaireimmobilier.ca,"May 16, 2025",355.00 GB,0,
cwcglobal.com,"May 16, 2025",82.00 GB,0,
chreynolds.com,"May 16, 2025",481.00 GB,0,
gmb.com,"May 16, 2025",680.00 GB,0,
abilenetx.gov,"May 16, 2025",477.00 GB,0,
blainemn.gov,"May 16, 2025",489.00 GB,0,
Straits Construction,"May 16, 2025",350.00 GB,0,
Lingkaran Trans Kota Holdings Berhad,"May 16, 2025",250.00 GB,0,
ITinSell group,"May 15, 2025",0.00 KB,0,
www.bestop.com,"May 14, 2025",300.00 GB,300000,
"MKA Accountants: Business Advisers, Moonee Ponds VIC","May 14, 2025",0.00 KB,0,
Southeastern Food Supplies,"May 13, 2025",107.00 GB,56572,
Cacspmec,"May 12, 2025",0.00 KB,0,
bicicletasmilan.com,"May 12, 2025",85.00 GB,172648,
www.myinjuryattorney.com,"May 8, 2025",0.00 KB,0,
www.bestop.com,"May 8, 2025",0.00 KB,0,
gates-cooper.com,"May 6, 2025",313.00 GB,0,
jbanksdesign.com,"May 6, 2025",184.00 GB,0,
gslelectric.com,"May 6, 2025",93.00 GB,0,
mdgny.com,"May 6, 2025",386.00 GB,0,
cobbcounty,"May 1, 2025",118.00 GB,7,
www.ancc.org,"May 1, 2025",167.00 GB,377556,
www.cmic-cmo.com,"Apr 30, 2025",300.00 GB,300000,
rfsd13.org,"Apr 30, 2025",36.00 GB,0,
bostonconveyorandautomation.com,"Apr 30, 2025",47.00 GB,0,
dlcid.com,"Apr 30, 2025",91.00 GB,0,
Megachem Singapore,"Apr 28, 2025",165.00 GB,0,
1sthealthinc.com,"Apr 17, 2025",227.00 GB,231063,
yankeetrails.com,"Apr 17, 2025",96.00 GB,0,
bertie.k12.nc.us,"Apr 17, 2025",50.00 GB,0,
www.nelson.edu,"Apr 16, 2025",120.00 GB,30,
govonisabbiatrici,"Apr 16, 2025",55.00 GB,61273,
www.clubcar.com,"Apr 15, 2025",200.00 GB,0,
www.datapath.com,"Apr 10, 2025",162.00 GB,56252,
www.smartcitykids.com,"Apr 8, 2025",0.00 KB,0,
averasia,"Apr 8, 2025",122.00 GB,216844,
www.gchd.org,"Apr 8, 2025",0.00 KB,0,
yuagam,"Apr 4, 2025",113.00 GB,308575,
dgr.at,"Apr 4, 2025",7.00 GB,0,
www.latouchepediatrics.com,"Mar 31, 2025",86.00 GB,258647,
frazerllp.com,"Mar 28, 2025",69.00 GB,93308,
blue-hive.com,"Mar 24, 2025",235.00 GB,157573,
charlesjones.ca,"Mar 21, 2025",58.00 GB,45673,
www.cdg.us,"Mar 4, 2025",107.00 GB,78849,
www.ekirkpatrick.com,"Nov 11, 2024",154.00 GB,14407,
www.colonialbh.org,"Oct 11, 2024",323.00 GB,767209,
www.cdg.us,"Mar 4, 2025",107.00 GB,78849,
www.ekirkpatrick.com,"Nov 11, 2024",154.00 GB,14407,
www.colonialbh.org,"Oct 11, 2024",323.00 GB,767209,
www.cdg.us,"Mar 4, 2025",107.00 GB,78849,
www.ekirkpatrick.com,"Nov 11, 2024",154.00 GB,14407,
www.colonialbh.org,"Oct 11, 2024",323.00 GB,767209,
www.cdg.us,"Mar 4, 2025",107.00 GB,78849,
www.ekirkpatrick.com,"Nov 11, 2024",154.00 GB,14407,
www.colonialbh.org,"Oct 11, 2024",323.00 GB,767209,
www.cdg.us,"Mar 4, 2025",107.00 GB,78849,
www.ekirkpatrick.com,"Nov 11, 2024",154.00 GB,14407,
www.colonialbh.org,"Oct 11, 2024",323.00 GB,767209,
www.cdg.us,"Mar 4, 2025",107.00 GB,78849,
www.ekirkpatrick.com,"Nov 11, 2024",154.00 GB,14407,
www.colonialbh.org,"Oct 11, 2024",323.00 GB,767209,
www.cdg.us,"Mar 4, 2025",107.00 GB,78849,
www.ekirkpatrick.com,"Nov 11, 2024",154.00 GB,14407,
www.colonialbh.org,"Oct 11, 2024",323.00 GB,767209,
www.cdg.us,"Mar 4, 2025",107.00 GB,78849,
www.ekirkpatrick.com,"Nov 11, 2024",154.00 GB,14407,
www.colonialbh.org,"Oct 11, 2024",323.00 GB,767209,
www.cdg.us,"Mar 4, 2025",107.00 GB,78849,
www.ekirkpatrick.com,"Nov 11, 2024",154.00 GB,14407,
www.colonialbh.org,"Oct 11, 2024",323.00 GB,767209,
www.cdg.us,"Mar 4, 2025",107.00 GB,78849,
www.ekirkpatrick.com,"Nov 11, 2024",154.00 GB,14407,
www.colonialbh.org,"Oct 11, 2024",323.00 GB,767209,
www.cdg.us,"Mar 4, 2025",107.00 GB,78849,
www.ekirkpatrick.com,"Nov 11, 2024",154.00 GB,14407,
www.colonialbh.org,"Oct 11, 2024",323.00 GB,767209,
www.cdg.us,"Mar 4, 2025",107.00 GB,78849,
www.ekirkpatrick.com,"Nov 11, 2024",154.00 GB,14407,
www.colonialbh.org,"Oct 11, 2024",323.00 GB,767209,
www.cdg.us,"Mar 4, 2025",107.00 GB,78849,
www.ekirkpatrick.com,"Nov 11, 2024",154.00 GB,14407,
www.colonialbh.org,"Oct 11, 2024",323.00 GB,767209,
www.cdg.us,"Mar 4, 2025",107.00 GB,78849,
www.ekirkpatrick.com,"Nov 11, 2024",154.00 GB,14407,
www.colonialbh.org,"Oct 11, 2024",323.00 GB,767209,
www.cdg.us,"Mar 4, 2025",107.00 GB,78849,
www.ekirkpatrick.com,"Nov 11, 2024",154.00 GB,14407,
www.colonialbh.org,"Oct 11, 2024",323.00 GB,767209,
www.cdg.us,"Mar 4, 2025",107.00 GB,78849,
www.ekirkpatrick.com,"Nov 11, 2024",154.00 GB,14407,
www.colonialbh.org,"Oct 11, 2024",323.00 GB,767209,
www.cdg.us,"Mar 4, 2025",107.00 GB,78849,
www.ekirkpatrick.com,"Nov 11, 2024",154.00 GB,14407,
www.colonialbh.org,"Oct 11, 2024",323.00 GB,767209,
www.cdg.us,"Mar 4, 2025",107.00 GB,78849,
www.ekirkpatrick.com,"Nov 11, 2024",154.00 GB,14407,
www.colonialbh.org,"Oct 11, 2024",323.00 GB,767209,
www.cdg.us,"Mar 4, 2025",107.00 GB,78849,
www.ekirkpatrick.com,"Nov 11, 2024",154.00 GB,14407,
www.colonialbh.org,"Oct 11, 2024",323.00 GB,767209,
www.cdg.us,"Mar 4, 2025",107.00 GB,78849,
www.ekirkpatrick.com,"Nov 11, 2024",154.00 GB,14407,
www.colonialbh.org,"Oct 11, 2024",323.00 GB,767209,
www.cdg.us,"Mar 4, 2025",107.00 GB,78849,
www.ekirkpatrick.com,"Nov 11, 2024",154.00 GB,14407,
www.colonialbh.org,"Oct 11, 2024",323.00 GB,767209,
www.cdg.us,"Mar 4, 2025",107.00 GB,78849,
www.ekirkpatrick.com,"Nov 11, 2024",154.00 GB,14407,
www.colonialbh.org,"Oct 11, 2024",323.00 GB,767209,
www.cdg.us,"Mar 4, 2025",107.00 GB,78849,
www.ekirkpatrick.com,"Nov 11, 2024",154.00 GB,14407,
www.colonialbh.org,"Oct 11, 2024",323.00 GB,767209,
www.cdg.us,"Mar 4, 2025",107.00 GB,78849,
www.ekirkpatrick.com,"Nov 11, 2024",154.00 GB,14407,
www.colonialbh.org,"Oct 11, 2024",323.00 GB,767209,
www.cdg.us,"Mar 4, 2025",107.00 GB,78849,
www.ekirkpatrick.com,"Nov 11, 2024",154.00 GB,14407,
www.colonialbh.org,"Oct 11, 2024",323.00 GB,767209,
www.cdg.us,"Mar 4, 2025",107.00 GB,78849,
www.ekirkpatrick.com,"Nov 11, 2024",154.00 GB,14407,
www.colonialbh.org,"Oct 11, 2024",323.00 GB,767209,
www.cdg.us,"Mar 4, 2025",107.00 GB,78849,
www.ekirkpatrick.com,"Nov 11, 2024",154.00 GB,14407,
www.colonialbh.org,"Oct 11, 2024",323.00 GB,767209,
www.cdg.us,"Mar 4, 2025",107.00 GB,78849,
www.ekirkpatrick.com,"Nov 11, 2024",154.00 GB,14407,
www.colonialbh.org,"Oct 11, 2024",323.00 GB,767209,
www.cdg.us,"Mar 4, 2025",107.00 GB,78849,
www.ekirkpatrick.com,"Nov 11, 2024",154.00 GB,14407,
www.colonialbh.org,"Oct 11, 2024",323.00 GB,767209,
www.cdg.us,"Mar 4, 2025",107.00 GB,78849,
www.ekirkpatrick.com,"Nov 11, 2024",154.00 GB,14407,
www.colonialbh.org,"Oct 11, 2024",323.00 GB,767209,
www.cdg.us,"Mar 4, 2025",107.00 GB,78849,
www.ekirkpatrick.com,"Nov 11, 2024",154.00 GB,14407,
www.colonialbh.org,"Oct 11, 2024",323.00 GB,767209,
www.cdg.us,"Mar 4, 2025",107.00 GB,78849,
www.ekirkpatrick.com,"Nov 11, 2024",154.00 GB,14407,
www.colonialbh.org,"Oct 11, 2024",323.00 GB,767209,
www.cdg.us,"Mar 4, 2025",107.00 GB,78849,
www.ekirkpatrick.com,"Nov 11, 2024",154.00 GB,14407,
www.colonialbh.org,"Oct 11, 2024",323.00 GB,767209,
www.cdg.us,"Mar 4, 2025",107.00 GB,78849,
www.ekirkpatrick.com,"Nov 11, 2024",154.00 GB,14407,
www.colonialbh.org,"Oct 11, 2024",323.00 GB,767209,
www.cdg.us,"Mar 4, 2025",107.00 GB,78849,
www.ekirkpatrick.com,"Nov 11, 2024",154.00 GB,14407,
www.colonialbh.org,"Oct 11, 2024",323.00 GB,767209,
www.cdg.us,"Mar 4, 2025",107.00 GB,78849,
www.ekirkpatrick.com,"Nov 11, 2024",154.00 GB,14407,
www.colonialbh.org,"Oct 11, 2024",323.00 GB,767209,
www.cdg.us,"Mar 4, 2025",107.00 GB,78849,
www.ekirkpatrick.com,"Nov 11, 2024",154.00 GB,14407,
www.colonialbh.org,"Oct 11, 2024",323.00 GB,767209,
www.cdg.us,"Mar 4, 2025",107.00 GB,78849,
www.ekirkpatrick.com,"Nov 11, 2024",154.00 GB,14407,
www.colonialbh.org,"Oct 11, 2024",323.00 GB,767209,
www.cdg.us,"Mar 4, 2025",107.00 GB,78849,
www.ekirkpatrick.com,"Nov 11, 2024",154.00 GB,14407,
www.colonialbh.org,"Oct 11, 2024",323.00 GB,767209,
www.cdg.us,"Mar 4, 2025",107.00 GB,78849,
www.ekirkpatrick.com,"Nov 11, 2024",154.00 GB,14407,
www.colonialbh.org,"Oct 11, 2024",323.00 GB,767209,
www.cdg.us,"Mar 4, 2025",107.00 GB,78849,
www.ekirkpatrick.com,"Nov 11, 2024",154.00 GB,14407,
www.colonialbh.org,"Oct 11, 2024",323.00 GB,767209,
www.cdg.us,"Mar 4, 2025",107.00 GB,78849,
www.ekirkpatrick.com,"Nov 11, 2024",154.00 GB,14407,
www.colonialbh.org,"Oct 11, 2024",323.00 GB,767209,
www.cdg.us,"Mar 4, 2025",107.00 GB,78849,
www.ekirkpatrick.com,"Nov 11, 2024",154.00 GB,14407,
www.colonialbh.org,"Oct 11, 2024",323.00 GB,767209,
www.cdg.us,"Mar 4, 2025",107.00 GB,78849,
www.ekirkpatrick.com,"Nov 11, 2024",154.00 GB,14407,
www.colonialbh.org,"Oct 11, 2024",323.00 GB,767209,
www.cdg.us,"Mar 4, 2025",107.00 GB,78849,
www.ekirkpatrick.com,"Nov 11, 2024",154.00 GB,14407,
www.colonialbh.org,"Oct 11, 2024",323.00 GB,767209,
www.cdg.us,"Mar 4, 2025",107.00 GB,78849,
www.ekirkpatrick.com,"Nov 11, 2024",154.00 GB,14407,
www.colonialbh.org,"Oct 11, 2024",323.00 GB,767209,
www.cdg.us,"Mar 4, 2025",107.00 GB,78849,
www.ekirkpatrick.com,"Nov 11, 2024",154.00 GB,14407,
www.colonialbh.org,"Oct 11, 2024",323.00 GB,767209,
www.cdg.us,"Mar 4, 2025",107.00 GB,78849,
www.ekirkpatrick.com,"Nov 11, 2024",154.00 GB,14407,
www.colonialbh.org,"Oct 11, 2024",323.00 GB,767209,
www.cdg.us,"Mar 4, 2025",107.00 GB,78849,
www.ekirkpatrick.com,"Nov 11, 2024",154.00 GB,14407,
www.colonialbh.org,"Oct 11, 2024",323.00 GB,767209,
www.cdg.us,"Mar 4, 2025",107.00 GB,78849,
www.ekirkpatrick.com,"Nov 11, 2024",154.00 GB,14407,
www.colonialbh.org,"Oct 11, 2024",323.00 GB,767209,
www.cdg.us,"Mar 4, 2025",107.00 GB,78849,
www.ekirkpatrick.com,"Nov 11, 2024",154.00 GB,14407,
www.colonialbh.org,"Oct 11, 2024",323.00 GB,767209,
www.cdg.us,"Mar 4, 2025",107.00 GB,78849,
www.ekirkpatrick.com,"Nov 11, 2024",154.00 GB,14407,
www.colonialbh.org,"Oct 11, 2024",323.00 GB,767209,
www.cdg.us,"Mar 4, 2025",107.00 GB,78849,
www.ekirkpatrick.com,"Nov 11, 2024",154.00 GB,14407,
www.colonialbh.org,"Oct 11, 2024",323.00 GB,767209,
www.cdg.us,"Mar 4, 2025",107.00 GB,78849,
www.ekirkpatrick.com,"Nov 11, 2024",154.00 GB,14407,
www.colonialbh.org,"Oct 11, 2024",323.00 GB,767209,
www.cdg.us,"Mar 4, 2025",107.00 GB,78849,
www.ekirkpatrick.com,"Nov 11, 2024",154.00 GB,14407,
www.colonialbh.org,"Oct 11, 2024",323.00 GB,767209,
www.cdg.us,"Mar 4, 2025",107.00 GB,78849,
www.ekirkpatrick.com,"Nov 11, 2024",154.00 GB,14407,
www.colonialbh.org,"Oct 11, 2024",323.00 GB,767209,
www.cdg.us,"Mar 4, 2025",107.00 GB,78849,
www.ekirkpatrick.com,"Nov 11, 2024",154.00 GB,14407,
www.colonialbh.org,"Oct 11, 2024",323.00 GB,767209,
www.cdg.us,"Mar 4, 2025",107.00 GB,78849,
www.ekirkpatrick.com,"Nov 11, 2024",154.00 GB,14407,
www.colonialbh.org,"Oct 11, 2024",323.00 GB,767209,
www.cdg.us,"Mar 4, 2025",107.00 GB,78849,
www.ekirkpatrick.com,"Nov 11, 2024",154.00 GB,14407,
www.colonialbh.org,"Oct 11, 2024",323.00 GB,767209,
www.cdg.us,"Mar 4, 2025",107.00 GB,78849,
www.ekirkpatrick.com,"Nov 11, 2024",154.00 GB,14407,
www.colonialbh.org,"Oct 11, 2024",323.00 GB,767209,
www.cdg.us,"Mar 4, 2025",107.00 GB,78849,
www.ekirkpatrick.com,"Nov 11, 2024",154.00 GB,14407,
www.colonialbh.org,"Oct 11, 2024",323.00 GB,767209,
www.cdg.us,"Mar 4, 2025",107.00 GB,78849,
www.ekirkpatrick.com,"Nov 11, 2024",154.00 GB,14407,
www.colonialbh.org,"Oct 11, 2024",323.00 GB,767209,
www.cdg.us,"Mar 4, 2025",107.00 GB,78849,
www.ekirkpatrick.com,"Nov 11, 2024",154.00 GB,14407,
www.colonialbh.org,"Oct 11, 2024",323.00 GB,767209,
www.cdg.us,"Mar 4, 2025",107.00 GB,78849,
www.ekirkpatrick.com,"Nov 11, 2024",154.00 GB,14407,
www.colonialbh.org,"Oct 11, 2024",323.00 GB,767209,
www.cdg.us,"Mar 4, 2025",107.00 GB,78849,
www.ekirkpatrick.com,"Nov 11, 2024",154.00 GB,14407,
www.colonialbh.org,"Oct 11, 2024",323.00 GB,767209,
www.cdg.us,"Mar 4, 2025",107.00 GB,78849,
www.ekirkpatrick.com,"Nov 11, 2024",154.00 GB,14407,
www.colonialbh.org,"Oct 11, 2024",323.00 GB,767209,
www.cdg.us,"Mar 4, 2025",107.00 GB,78849,
www.ekirkpatrick.com,"Nov 11, 2024",154.00 GB,14407,
www.colonialbh.org,"Oct 11, 2024",323.00 GB,767209,
www.cdg.us,"Mar 4, 2025",107.00 GB,78849,
www.ekirkpatrick.com,"Nov 11, 2024",154.00 GB,14407,
www.colonialbh.org,"Oct 11, 2024",323.00 GB,767209,
www.cdg.us,"Mar 4, 2025",107.00 GB,78849,
www.ekirkpatrick.com,"Nov 11, 2024",154.00 GB,14407,
www.colonialbh.org,"Oct 11, 2024",323.00 GB,767209,
www.cdg.us,"Mar 4, 2025",107.00 GB,78849,
www.ekirkpatrick.com,"Nov 11, 2024",154.00 GB,14407,
www.colonialbh.org,"Oct 11, 2024",323.00 GB,767209,
www.cdg.us,"Mar 4, 2025",107.00 GB,78849,
www.ekirkpatrick.com,"Nov 11, 2024",154.00 GB,14407,
www.colonialbh.org,"Oct 11, 2024",323.00 GB,767209,
www.cdg.us,"Mar 4, 2025",107.00 GB,78849,
www.ekirkpatrick.com,"Nov 11, 2024",154.00 GB,14407,
www.colonialbh.org,"Oct 11, 2024",323.00 GB,767209,
www.cdg.us,"Mar 4, 2025",107.00 GB,78849,
www.ekirkpatrick.com,"Nov 11, 2024",154.00 GB,14407,
www.colonialbh.org,"Oct 11, 2024",323.00 GB,767209,
www.cdg.us,"Mar 4, 2025",107.00 GB,78849,
www.ekirkpatrick.com,"Nov 11, 2024",154.00 GB,14407,
www.colonialbh.org,"Oct 11, 2024",323.00 GB,767209,
www.cdg.us,"Mar 4, 2025",107.00 GB,78849,
www.ekirkpatrick.com,"Nov 11, 2024",154.00 GB,14407,
www.colonialbh.org,"Oct 11, 2024",323.00 GB,767209,
www.cdg.us,"Mar 4, 2025",107.00 GB,78849,
www.ekirkpatrick.com,"Nov 11, 2024",154.00 GB,14407,
www.colonialbh.org,"Oct 11, 2024",323.00 GB,767209,
www.cdg.us,"Mar 4, 2025",107.00 GB,78849,
www.ekirkpatrick.com,"Nov 11, 2024",154.00 GB,14407,
www.colonialbh.org,"Oct 11, 2024",323.00 GB,767209,
www.cdg.us,"Mar 4, 2025",107.00 GB,78849,
www.ekirkpatrick.com,"Nov 11, 2024",154.00 GB,14407,
www.colonialbh.org,"Oct 11, 2024",323.00 GB,767209,
www.cdg.us,"Mar 4, 2025",107.00 GB,78849,
www.ekirkpatrick.com,"Nov 11, 2024",154.00 GB,14407,
www.colonialbh.org,"Oct 11, 2024",323.00 GB,767209,
www.cdg.us,"Mar 4, 2025",107.00 GB,78849,
www.ekirkpatrick.com,"Nov 11, 2024",154.00 GB,14407,
www.colonialbh.org,"Oct 11, 2024",323.00 GB,767209,
www.cdg.us,"Mar 4, 2025",107.00 GB,78849,
www.ekirkpatrick.com,"Nov 11, 2024",154.00 GB,14407,
www.colonialbh.org,"Oct 11, 2024",323.00 GB,767209,
www.cdg.us,"Mar 4, 2025",107.00 GB,78849,
www.ekirkpatrick.com,"Nov 11, 2024",154.00 GB,14407,
www.colonialbh.org,"Oct 11, 2024",323.00 GB,767209,
www.cdg.us,"Mar 4, 2025",107.00 GB,78849,
www.ekirkpatrick.com,"Nov 11, 2024",154.00 GB,14407,
www.colonialbh.org,"Oct 11, 2024",323.00 GB,767209,
www.cdg.us,"Mar 4, 2025",107.00 GB,78849,
www.ekirkpatrick.com,"Nov 11, 2024",154.00 GB,14407,
www.colonialbh.org,"Oct 11, 2024",323.00 GB,767209,
www.cdg.us,"Mar 4, 2025",107.00 GB,78849,
www.ekirkpatrick.com,"Nov 11, 2024",154.00 GB,14407,
www.colonialbh.org,"Oct 11, 2024",323.00 GB,767209,
www.cdg.us,"Mar 4, 2025",107.00 GB,78849,
www.ekirkpatrick.com,"Nov 11, 2024",154.00 GB,14407,
www.colonialbh.org,"Oct 11, 2024",323.00 GB,767209,
www.cdg.us,"Mar 4, 2025",107.00 GB,78849,
www.ekirkpatrick.com,"Nov 11, 2024",154.00 GB,14407,
www.colonialbh.org,"Oct 11, 2024",323.00 GB,767209,
www.cdg.us,"Mar 4, 2025",107.00 GB,78849,
www.ekirkpatrick.com,"Nov 11, 2024",154.00 GB,14407,
www.colonialbh.org,"Oct 11, 2024",323.00 GB,767209,
www.cdg.us,"Mar 4, 2025",107.00 GB,78849,
www.ekirkpatrick.com,"Nov 11, 2024",154.00 GB,14407,
www.colonialbh.org,"Oct 11, 2024",323.00 GB,767209,
www.cdg.us,"Mar 4, 2025",107.00 GB,78849,
www.ekirkpatrick.com,"Nov 11, 2024",154.00 GB,14407,
www.colonialbh.org,"Oct 11, 2024",323.00 GB,767209,
www.cdg.us,"Mar 4, 2025",107.00 GB,78849,
www.ekirkpatrick.com,"Nov 11, 2024",154.00 GB,14407,
www.colonialbh.org,"Oct 11, 2024",323.00 GB,767209,
www.cdg.us,"Mar 4, 2025",107.00 GB,78849,
www.ekirkpatrick.com,"Nov 11, 2024",154.00 GB,14407,
www.colonialbh.org,"Oct 11, 2024",323.00 GB,767209,
www.cdg.us,"Mar 4, 2025",107.00 GB,78849,
www.ekirkpatrick.com,"Nov 11, 2024",154.00 GB,14407,
www.colonialbh.org,"Oct 11, 2024",323.00 GB,767209,
www.cdg.us,"Mar 4, 2025",107.00 GB,78849,
www.ekirkpatrick.com,"Nov 11, 2024",154.00 GB,14407,
www.colonialbh.org,"Oct 11, 2024",323.00 GB,767209,
www.cdg.us,"Mar 4, 2025",107.00 GB,78849,
www.ekirkpatrick.com,"Nov 11, 2024",154.00 GB,14407,
www.colonialbh.org,"Oct 11, 2024",323.00 GB,767209,
www.cdg.us,"Mar 4, 2025",107.00 GB,78849,
www.ekirkpatrick.com,"Nov 11, 2024",154.00 GB,14407,
www.colonialbh.org,"Oct 11, 2024",323.00 GB,767209,
www.cdg.us,"Mar 4, 2025",107.00 GB,78849,
www.ekirkpatrick.com,"Nov 11, 2024",154.00 GB,14407,
www.colonialbh.org,"Oct 11, 2024",323.00 GB,767209,
www.cdg.us,"Mar 4, 2025",107.00 GB,78849,
www.ekirkpatrick.com,"Nov 11, 2024",154.00 GB,14407,
www.colonialbh.org,"Oct 11, 2024",323.00 GB,767209,
www.cdg.us,"Mar 4, 2025",107.00 GB,78849,
www.ekirkpatrick.com,"Nov 11, 2024",154.00 GB,14407,
www.colonialbh.org,"Oct 11, 2024",323.00 GB,767209,
www.cdg.us,"Mar 4, 2025",107.00 GB,78849,
www.ekirkpatrick.com,"Nov 11, 2024",154.00 GB,14407,
www.colonialbh.org,"Oct 11, 2024",323.00 GB,767209,
www.cdg.us,"Mar 4, 2025",107.00 GB,78849,
www.ekirkpatrick.com,"Nov 11, 2024",154.00 GB,14407,
www.colonialbh.org,"Oct 11, 2024",323.00 GB,767209,
www.cdg.us,"Mar 4, 2025",107.00 GB,78849,
www.ekirkpatrick.com,"Nov 11, 2024",154.00 GB,14407,
www.colonialbh.org,"Oct 11, 2024",323.00 GB,767209,
www.cdg.us,"Mar 4, 2025",107.00 GB,78849,
www.ekirkpatrick.com,"Nov 11, 2024",154.00 GB,14407,
www.colonialbh.org,"Oct 11, 2024",323.00 GB,767209,
www.cdg.us,"Mar 4, 2025",107.00 GB,78849,
www.ekirkpatrick.com,"Nov 11, 2024",154.00 GB,14407,
www.colonialbh.org,"Oct 11, 2024",323.00 GB,767209,
www.cdg.us,"Mar 4, 2025",107.00 GB,78849,
www.ekirkpatrick.com,"Nov 11, 2024",154.00 GB,14407,
www.colonialbh.org,"Oct 11, 2024",323.00 GB,767209,
www.cdg.us,"Mar 4, 2025",107.00 GB,78849,
www.ekirkpatrick.com,"Nov 11, 2024",154.00 GB,14407,
www.colonialbh.org,"Oct 11, 2024",323.00 GB,767209,
www.cdg.us,"Mar 4, 2025",107.00 GB,78849,
www.ekirkpatrick.com,"Nov 11, 2024",154.00 GB,14407,
www.colonialbh.org,"Oct 11, 2024",323.00 GB,767209,
www.cdg.us,"Mar 4, 2025",107.00 GB,78849,
www.ekirkpatrick.com,"Nov 11, 2024",154.00 GB,14407,
www.colonialbh.org,"Oct 11, 2024",323.00 GB,767209,
www.cdg.us,"Mar 4, 2025",107.00 GB,78849,
www.ekirkpatrick.com,"Nov 11, 2024",154.00 GB,14407,
www.colonialbh.org,"Oct 11, 2024",323.00 GB,767209,
www.cdg.us,"Mar 4, 2025",107.00 GB,78849,
www.ekirkpatrick.com,"Nov 11, 2024",154.00 GB,14407,
www.colonialbh.org,"Oct 11, 2024",323.00 GB,767209,
www.cdg.us,"Mar 4, 2025",107.00 GB,78849,
www.ekirkpatrick.com,"Nov 11, 2024",154.00 GB,14407,
www.colonialbh.org,"Oct 11, 2024",323.00 GB,767209,
www.cdg.us,"Mar 4, 2025",107.00 GB,78849,
www.ekirkpatrick.com,"Nov 11, 2024",154.00 GB,14407,
www.colonialbh.org,"Oct 11, 2024",323.00 GB,767209,
www.cdg.us,"Mar 4, 2025",107.00 GB,78849,
www.ekirkpatrick.com,"Nov 11, 2024",154.00 GB,14407,
www.colonialbh.org,"Oct 11, 2024",323.00 GB,767209,
www.cdg.us,"Mar 4, 2025",107.00 GB,78849,
www.ekirkpatrick.com,"Nov 11, 2024",154.00 GB,14407,
www.colonialbh.org,"Oct 11, 2024",323.00 GB,767209,
www.cdg.us,"Mar 4, 2025",107.00 GB,78849,
www.ekirkpatrick.com,"Nov 11, 2024",154.00 GB,14407,
www.colonialbh.org,"Oct 11, 2024",323.00 GB,767209,
www.cdg.us,"Mar 4, 2025",107.00 GB,78849,
www.ekirkpatrick.com,"Nov 11, 2024",154.00 GB,14407,
www.colonialbh.org,"Oct 11, 2024",323.00 GB,767209,
www.cdg.us,"Mar 4, 2025",107.00 GB,78849,
www.ekirkpatrick.com,"Nov 11, 2024",154.00 GB,14407,
www.colonialbh.org,"Oct 11, 2024",323.00 GB,767209,
www.cdg.us,"Mar 4, 2025",107.00 GB,78849,
www.ekirkpatrick.com,"Nov 11, 2024",154.00 GB,14407,
www.colonialbh.org,"Oct 11, 2024",323.00 GB,767209,
www.cdg.us,"Mar 4, 2025",107.00 GB,78849,
www.ekirkpatrick.com,"Nov 11, 2024",154.00 GB,14407,
www.colonialbh.org,"Oct 11, 2024",323.00 GB,767209,
www.cdg.us,"Mar 4, 2025",107.00 GB,78849,
www.ekirkpatrick.com,"Nov 11, 2024",154.00 GB,14407,
www.colonialbh.org,"Oct 11, 2024",323.00 GB,767209,
www.cdg.us,"Mar 4, 2025",107.00 GB,78849,
www.ekirkpatrick.com,"Nov 11, 2024",154.00 GB,14407,
www.colonialbh.org,"Oct 11, 2024",323.00 GB,767209,
www.cdg.us,"Mar 4, 2025",107.00 GB,78849,
www.ekirkpatrick.com,"Nov 11, 2024",154.00 GB,14407,
www.colonialbh.org,"Oct 11, 2024",323.00 GB,767209,
www.cdg.us,"Mar 4, 2025",107.00 GB,78849,
www.ekirkpatrick.com,"Nov 11, 2024",154.00 GB,14407,
www.colonialbh.org,"Oct 11, 2024",323.00 GB,767209,
www.cdg.us,"Mar 4, 2025",107.00 GB,78849,
www.ekirkpatrick.com,"Nov 11, 2024",154.00 GB,14407,
www.colonialbh.org,"Oct 11, 2024",323.00 GB,767209,
www.cdg.us,"Mar 4, 2025",107.00 GB,78849,
www.ekirkpatrick.com,"Nov 11, 2024",154.00 GB,14407,
www.colonialbh.org,"Oct 11, 2024",323.00 GB,767209,
www.cdg.us,"Mar 4, 2025",107.00 GB,78849,
www.ekirkpatrick.com,"Nov 11, 2024",154.00 GB,14407,
www.colonialbh.org,"Oct 11, 2024",323.00 GB,767209,
www.cdg.us,"Mar 4, 2025",107.00 GB,78849,
www.ekirkpatrick.com,"Nov 11, 2024",154.00 GB,14407,
www.colonialbh.org,"Oct 11, 2024",323.00 GB,767209,
www.cdg.us,"Mar 4, 2025",107.00 GB,78849,
www.ekirkpatrick.com,"Nov 11, 2024",154.00 GB,14407,
www.colonialbh.org,"Oct 11, 2024",323.00 GB,767209,
www.cdg.us,"Mar 4, 2025",107.00 GB,78849,
www.ekirkpatrick.com,"Nov 11, 2024",154.00 GB,14407,
www.colonialbh.org,"Oct 11, 2024",323.00 GB,767209,
www.cdg.us,"Mar 4, 2025",107.00 GB,78849,
www.ekirkpatrick.com,"Nov 11, 2024",154.00 GB,14407,
www.colonialbh.org,"Oct 11, 2024",323.00 GB,767209,
www.cdg.us,"Mar 4, 2025",107.00 GB,78849,
www.ekirkpatrick.com,"Nov 11, 2024",154.00 GB,14407,
www.colonialbh.org,"Oct 11, 2024",323.00 GB,767209,
www.cdg.us,"Mar 4, 2025",107.00 GB,78849,
www.ekirkpatrick.com,"Nov 11, 2024",154.00 GB,14407,
www.colonialbh.org,"Oct 11, 2024",323.00 GB,767209,
www.cdg.us,"Mar 4, 2025",107.00 GB,78849,
www.ekirkpatrick.com,"Nov 11, 2024",154.00 GB,14407,
www.colonialbh.org,"Oct 11, 2024",323.00 GB,767209,
www.cdg.us,"Mar 4, 2025",107.00 GB,78849,
www.ekirkpatrick.com,"Nov 11, 2024",154.00 GB,14407,
www.colonialbh.org,"Oct 11, 2024",323.00 GB,767209,
www.cdg.us,"Mar 4, 2025",107.00 GB,78849,
www.ekirkpatrick.com,"Nov 11, 2024",154.00 GB,14407,
www.colonialbh.org,"Oct 11, 2024",323.00 GB,767209,
www.cdg.us,"Mar 4, 2025",107.00 GB,78849,
www.ekirkpatrick.com,"Nov 11, 2024",154.00 GB,14407,
www.colonialbh.org,"Oct 11, 2024",323.00 GB,767209,
www.cdg.us,"Mar 4, 2025",107.00 GB,78849,
www.ekirkpatrick.com,"Nov 11, 2024",154.00 GB,14407,
www.colonialbh.org,"Oct 11, 2024",323.00 GB,767209,
www.cdg.us,"Mar 4, 2025",107.00 GB,78849,
www.ekirkpatrick.com,"Nov 11, 2024",154.00 GB,14407,
www.colonialbh.org,"Oct 11, 2024",323.00 GB,767209,
www.cdg.us,"Mar 4, 2025",107.00 GB,78849,
www.ekirkpatrick.com,"Nov 11, 2024",154.00 GB,14407,
www.colonialbh.org,"Oct 11, 2024",323.00 GB,767209,
www.cdg.us,"Mar 4, 2025",107.00 GB,78849,
www.ekirkpatrick.com,"Nov 11, 2024",154.00 GB,14407,
www.colonialbh.org,"Oct 11, 2024",323.00 GB,767209,
www.cdg.us,"Mar 4, 2025",107.00 GB,78849,
www.ekirkpatrick.com,"Nov 11, 2024",154.00 GB,14407,
www.colonialbh.org,"Oct 11, 2024",323.00 GB,767209,
www.cdg.us,"Mar 4, 2025",107.00 GB,78849,
www.ekirkpatrick.com,"Nov 11, 2024",154.00 GB,14407,
www.colonialbh.org,"Oct 11, 2024",323.00 GB,767209,
www.cdg.us,"Mar 4, 2025",107.00 GB,78849,
www.ekirkpatrick.com,"Nov 11, 2024",154.00 GB,14407,
www.colonialbh.org,"Oct 11, 2024",323.00 GB,767209,
