source,record_type,id,company,website,country,address,size_bytes,size_gib,is_published,time_until_publication,posted_at_utc,crawled_at_utc,crawled_at_kst,ransomware_group,discovery_date,estimated_attack_date,details_url,description,files_api_present
ransomware.live,victim,https://www.ransomware.live/id/R0VJR0VSQHJoeXNpZGE=,GEIGER,,DE,,,,,,,2025-10-17T09:53:47.357839+00:00,2025-10-17T18:53:47.357854+09:00,Rhysida,2025-10-17,,https://www.ransomware.live/id/R0VJR0VSQHJoeXNpZGE=,GEIGER GEIGER Antriebstechnik is a leading manufacturer of innovative mechanical and electric drive ...,
ransomware.live,victim,https://www.ransomware.live/id/U0sgc2hpZWxkdXNAYmxhY2tzaHJhbnRhYw==,SK shieldus,,US,,,,,,,2025-10-17T09:53:47.357839+00:00,2025-10-17T18:53:47.357854+09:00,Blackshrantac,2025-10-17,,https://www.ransomware.live/id/U0sgc2hpZWxkdXNAYmxhY2tzaHJhbnRhYw==,"[AI generated] ""SK shieldus"" is a technology company focused on mobile and web application security....",
ransomware.live,victim,https://www.ransomware.live/id/QXVzc2llIEZsdWlkIFBvd2VyQGFudWJpcw==,Aussie Fluid Power,,AU,,,,,,,2025-10-17T09:53:47.357839+00:00,2025-10-17T18:53:47.357854+09:00,Anubis,2025-10-16,,https://www.ransomware.live/id/QXVzc2llIEZsdWlkIFBvd2VyQGFudWJpcw==,An Australian engineering leader has fallen victim to a cyberattack causing a data breach....,
ransomware.live,victim,https://www.ransomware.live/id/d3d3Lm8qKioqbSpudC5jb21AZGV2bWFu,www.o****m*nt.com,,,,,,,,,2025-10-17T09:53:47.357839+00:00,2025-10-17T18:53:47.357854+09:00,Devman,2025-10-16,,https://www.ransomware.live/id/d3d3Lm8qKioqbSpudC5jb21AZGV2bWFu,Ransom: 1400000 USD...,
ransomware.live,victim,https://www.ransomware.live/id/TTMgR3JvdXAgU3AuIHogb29Abm92YQ==,M3 Group Sp. z oo,,PL,,,,,,,2025-10-17T09:53:47.357839+00:00,2025-10-17T18:53:47.357854+09:00,Nova,2025-10-16,,https://www.ransomware.live/id/TTMgR3JvdXAgU3AuIHogb29Abm92YQ==,"Poland

IT company providing services in the areas of IT support, dedicated software, web software, ...",
ransomware.live,victim,https://www.ransomware.live/id/U2hhcmVQQG5vdmE=,ShareP,,,,,,,,,2025-10-17T09:53:47.357839+00:00,2025-10-17T18:53:47.357854+09:00,Nova,2025-10-16,,https://www.ransomware.live/id/U2hhcmVQQG5vdmE=,"Switzerland
Startup that provides a plug-and-play solution to digitize and optimize urban parking an...",
ransomware.live,victim,https://www.ransomware.live/id/Qk1QIFdvcmxkd2lkZUBwbGF5,BMP Worldwide,https://www.bmpworldwide.com,US,,,,,,,2025-10-17T09:53:47.357839+00:00,2025-10-17T18:53:47.357854+09:00,Play,2025-10-16,,https://www.ransomware.live/id/Qk1QIFdvcmxkd2lkZUBwbGF5,United States...,
ransomware.live,victim,https://www.ransomware.live/id/UmVnZW5jeSBTcGVjaWFsaXN0IEhvc3BpdGFsQG5vdmE=,Regency Specialist Hospital,,MY,,,,,,,2025-10-17T09:53:47.357839+00:00,2025-10-17T18:53:47.357854+09:00,Nova,2025-10-16,,https://www.ransomware.live/id/UmVnZW5jeSBTcGVjaWFsaXN0IEhvc3BpdGFsQG5vdmE=,"Founded in 2009, Regency Specialist Hospital is a tertiary care hospital located in the growing town...",
ransomware.live,victim,https://www.ransomware.live/id/Q29pbHBsdXNAd29ybGRsZWFrcw==,Coilplus,https://www.coilplus.com,US,,,,,,,2025-10-17T09:53:47.357839+00:00,2025-10-17T18:53:47.357854+09:00,Worldleaks,2025-10-16,,https://www.ransomware.live/id/Q29pbHBsdXNAd29ybGRsZWFrcw==,[AI generated] Coilplus is a company that mainly specializes in the metal processing industry. They ...,
ransomware.live,victim,https://www.ransomware.live/id/cGFuZGFyb3NlLmNhQHFpbGlu,pandarose.ca,https://pandarose.ca,CA,,,,,,,2025-10-17T09:53:47.357839+00:00,2025-10-17T18:53:47.357854+09:00,Qilin,2025-10-16,,https://www.ransomware.live/id/cGFuZGFyb3NlLmNhQHFpbGlu,A full range of technology consulting services—from infrastructure and specialized software to digit...,
ransomware.live,victim,https://www.ransomware.live/id/bW9udHNoaXAuY2FAcWlsaW4=,montship.ca,https://www.montship.ca,CA,,,,,,,2025-10-17T09:53:47.357839+00:00,2025-10-17T18:53:47.357854+09:00,Qilin,2025-10-16,,https://www.ransomware.live/id/bW9udHNoaXAuY2FAcWlsaW4=,"Montship is Canada's largest shipping agency, providing comprehensive agency services for liner vess...",
ransomware.live,victim,https://www.ransomware.live/id/ZGFsdG9uLmNvbUBxaWxpbg==,dalton.com,https://www.dalton.com,,,,,,,,2025-10-17T09:53:47.357839+00:00,2025-10-17T18:53:47.357854+09:00,Qilin,2025-10-16,,https://www.ransomware.live/id/ZGFsdG9uLmNvbUBxaWxpbg==,"Founded in 1986, Dalton Pharma Services is a contract pharmaceutical company providing a full range ...",
ransomware.live,victim,https://www.ransomware.live/id/Ym1jaW5ub3ZhdGlvbi5jb21AcWlsaW4=,bmcinnovation.com,https://bmcinnovation.com,US,,,,,,,2025-10-17T09:53:47.357839+00:00,2025-10-17T18:53:47.357854+09:00,Qilin,2025-10-16,,https://www.ransomware.live/id/Ym1jaW5ub3ZhdGlvbi5jb21AcWlsaW4=,BMC Strategic Innovation is a company specializing in strategic marketing that collaborates with par...,
ransomware.live,victim,https://www.ransomware.live/id/Z3Nsb25nLmNvbUBxaWxpbg==,gslong.com,https://www.gslong.com,US,,,,,,,2025-10-17T09:53:47.357839+00:00,2025-10-17T18:53:47.357854+09:00,Qilin,2025-10-16,,https://www.ransomware.live/id/Z3Nsb25nLmNvbUBxaWxpbg==,"GS Long provides specialized services in plant nutrition, plant protection, and field consulting for...",
ransomware.live,victim,https://www.ransomware.live/id/YXJwaXMuY29tQHFpbGlu,arpis.com,https://www.arpis.com,US,,,,,,,2025-10-17T09:53:47.357839+00:00,2025-10-17T18:53:47.357854+09:00,Qilin,2025-10-16,,https://www.ransomware.live/id/YXJwaXMuY29tQHFpbGlu,"For fifty years, Arpi's has maintained this traditional approach to providing the highest quality se...",
ransomware.live,victim,https://www.ransomware.live/id/cGNkcGFja2FnaW5nLmNvbUBxaWxpbg==,pcdpackaging.com,https://spgpackaging.com,US,,,,,,,2025-10-17T09:53:47.357839+00:00,2025-10-17T18:53:47.357854+09:00,Qilin,2025-10-16,,https://www.ransomware.live/id/cGNkcGFja2FnaW5nLmNvbUBxaWxpbg==,"Development of customized industrial packaging. Single-use racks, export packaging, packaging for po...",
ransomware.live,victim,https://www.ransomware.live/id/KioqKiouY29tQGNsb2Fr,*****.com,,,,,,,,,2025-10-17T09:53:47.357839+00:00,2025-10-17T18:53:47.357854+09:00,Cloak,2025-10-16,,https://www.ransomware.live/id/KioqKiouY29tQGNsb2Fr,N/A,
ransomware.live,victim,https://www.ransomware.live/id/TCoqKioqKioqZGVuLmNvbUBjbG9haw==,L********den.com,,,,,,,,,2025-10-17T09:53:47.357839+00:00,2025-10-17T18:53:47.357854+09:00,Cloak,2025-10-16,,https://www.ransomware.live/id/TCoqKioqKioqZGVuLmNvbUBjbG9haw==,N/A,
ransomware.live,victim,https://www.ransomware.live/id/Y29wcGFnZS5uZXRAcWlsaW4=,coppage.net,https://coppage.net,US,,,,,,,2025-10-17T09:53:47.357839+00:00,2025-10-17T18:53:47.357854+09:00,Qilin,2025-10-16,,https://www.ransomware.live/id/Y29wcGFnZS5uZXRAcWlsaW4=,"At Coppage Construction, we design and build homes.
1.The document is a statement of income for Copp...",
ransomware.live,victim,https://www.ransomware.live/id/YXJpem9uYWZpcmVwbGFjZXMuY29tQHFpbGlu,arizonafireplaces.com,https://arizonafireplaces.com,US,,,,,,,2025-10-17T09:53:47.357839+00:00,2025-10-17T18:53:47.357854+09:00,Qilin,2025-10-16,,https://www.ransomware.live/id/YXJpem9uYWZpcmVwbGFjZXMuY29tQHFpbGlu,Arizona Fireplaces offers its customers top-notch quality and service for fireplaces and accessories...,
ransomware.live,victim,https://www.ransomware.live/id/U2liYmFsZHNAcmh5c2lkYQ==,Sibbalds,,GB,,,,,,,2025-10-17T09:53:47.357839+00:00,2025-10-17T18:53:47.357854+09:00,Rhysida,2025-10-16,,https://www.ransomware.live/id/U2liYmFsZHNAcmh5c2lkYQ==,"Sibbalds Sibbalds Chartered Accountants, based in Derby, specializes in providing a wide range of ac...",
ransomware.live,victim,https://www.ransomware.live/id/d3d3LnJvbnZpbC5jb21Aa3Jha2Vu,www.ronvil.com,https://www.ronvil.com,US,,,,,,,2025-10-17T09:53:47.357839+00:00,2025-10-17T18:53:47.357854+09:00,Kraken,2025-10-16,,https://www.ransomware.live/id/d3d3LnJvbnZpbC5jb21Aa3Jha2Vu,"Ronemus & Vilensky LLP is a New York-based law firm specializing in personal injury, civil rights, m...",
ransomware.live,victim,https://www.ransomware.live/id/R3VsZiBXYXJyYW50aWVzIExMQ0BibGFja3NocmFudGFj,Gulf Warranties LLC,,AE,,,,,,,2025-10-17T09:53:47.357839+00:00,2025-10-17T18:53:47.357854+09:00,Blackshrantac,2025-10-16,,https://www.ransomware.live/id/R3VsZiBXYXJyYW50aWVzIExMQ0BibGFja3NocmFudGFj,"[AI generated] ""Gulf Warranties LLC"" is a company based in Dubai, United Arab Emirates that provides...",
ransomware.live,victim,https://www.ransomware.live/id/RG9jdXJhaWxAcmFkaWFudA==,Docurail,,FI,,,,,,,2025-10-17T09:53:47.357839+00:00,2025-10-17T18:53:47.357854+09:00,Radiant,2025-10-16,,https://www.ransomware.live/id/RG9jdXJhaWxAcmFkaWFudA==,"Docurail simplifies railway compliance, transforming complex paperwork into seamless digital workflo...",
ransomware.live,victim,https://www.ransomware.live/id/RHV0Y2ggPz8_QHJhZGlhbnQ=,Dutch ???,,NL,,,,,,,2025-10-17T09:53:47.357839+00:00,2025-10-17T18:53:47.357854+09:00,Radiant,2025-10-16,,https://www.ransomware.live/id/RHV0Y2ggPz8_QHJhZGlhbnQ=,Unknown. Contact within 7 days based in the Netherlands....,
ransomware.live,victim,https://www.ransomware.live/id/QmV0YSBEeW5lQHFpbGlu,Beta Dyne,https://betadynepower.com,US,,,,,,,2025-10-17T09:53:47.357839+00:00,2025-10-17T18:53:47.357854+09:00,Qilin,2025-10-16,,https://www.ransomware.live/id/QmV0YSBEeW5lQHFpbGlu,"Beta Dyne, USA - develops and manufactures electrical equipment for the industrial plants, communica...",
ransomware.live,victim,https://www.ransomware.live/id/TWlkZGxlc2V4IEFwcHJhaXNhbCBBc3NvY2lhdGVzQHFpbGlu,Middlesex Appraisal Associates,https://middlesexappraisal.com,US,,,,,,,2025-10-17T09:53:47.357839+00:00,2025-10-17T18:53:47.357854+09:00,Qilin,2025-10-16,2025-10-15,https://www.ransomware.live/id/TWlkZGxlc2V4IEFwcHJhaXNhbCBBc3NvY2lhdGVzQHFpbGlu,"Middlesex Appraisal Associates, USA - provides appraisal services in Eastern Massachusetts in Middle...",
ransomware.live,victim,https://www.ransomware.live/id/U3ByYWd1ZSAmIEphY2tzb25AcWlsaW4=,Sprague & Jackson,https://www.sprjac.com,,,,,,,,2025-10-17T09:53:47.357839+00:00,2025-10-17T18:53:47.357854+09:00,Qilin,2025-10-16,2025-10-15,https://www.ransomware.live/id/U3ByYWd1ZSAmIEphY2tzb25AcWlsaW4=,"Sprague & Jackson, USA - Sprague & Jackson is a tax services firm that offers a range of client serv...",
ransomware.live,victim,https://www.ransomware.live/id/UmFzaSBMYWJvcmF0b3JpZXNAcWlsaW4=,Rasi Laboratories,https://rasilabs.com,IN,,,,,,,2025-10-17T09:53:47.357839+00:00,2025-10-17T18:53:47.357854+09:00,Qilin,2025-10-15,,https://www.ransomware.live/id/UmFzaSBMYWJvcmF0b3JpZXNAcWlsaW4=,"Rasi Laboratories, USA -  a manufacturer and developer of nutraceuticals, specializing in dietary su...",
ransomware.live,victim,https://www.ransomware.live/id/VGV4LVR1YmVAcmh5c2lkYQ==,Tex-Tube,,US,,,,,,,2025-10-17T09:53:47.357839+00:00,2025-10-17T18:53:47.357854+09:00,Rhysida,2025-10-15,,https://www.ransomware.live/id/VGV4LVR1YmVAcmh5c2lkYQ==,"Tex-Tube Tex Tube has over 75 years of experience in manufacturing steel products, specifically elec...",
ransomware.live,victim,https://www.ransomware.live/id/QWdlbmNpYSBUcmlidXRhcmlhQHFpbGlu,Agencia Tributaria,https://sede.agenciatributaria.gob.es,ES,,,,,,,2025-10-17T09:53:47.357839+00:00,2025-10-17T18:53:47.357854+09:00,Qilin,2025-10-15,,https://www.ransomware.live/id/QWdlbmNpYSBUcmlidXRhcmlhQHFpbGlu,The Spanish Tax Administration Agency (Agencia Tributaria) - is the revenue service of the Kingdom o...,
ransomware.live,victim,https://www.ransomware.live/id/UmljaG1vbmQgQmVoYXZpb3JhbCBIZWFsdGggQXV0aG9yaXR5QHFpbGlu,Richmond Behavioral Health Authority,https://www.rbha.org,US,,,,,,,2025-10-17T09:53:47.357839+00:00,2025-10-17T18:53:47.357854+09:00,Qilin,2025-10-15,,https://www.ransomware.live/id/UmljaG1vbmQgQmVoYXZpb3JhbCBIZWFsdGggQXV0aG9yaXR5QHFpbGlu,Richmond Behavioral Health Authority (RBHA) is a statewide organization dedicated to providing compr...,
ransomware.live,victim,https://www.ransomware.live/id/Q2VsbHVjYXAgTWFudWZhY3R1cmluZ0BwbGF5,Cellucap Manufacturing,https://www.cellucap.com,US,,,,,,,2025-10-17T09:53:47.357839+00:00,2025-10-17T18:53:47.357854+09:00,Play,2025-10-15,,https://www.ransomware.live/id/Q2VsbHVjYXAgTWFudWZhY3R1cmluZ0BwbGF5,United States...,
ransomware.live,victim,https://www.ransomware.live/id/R2xvYmFsIFNob3AgU29sdXRpb25zQHBsYXk=,Global Shop Solutions,https://www.globalshopsolutions.com,US,,,,,,,2025-10-17T09:53:47.357839+00:00,2025-10-17T18:53:47.357854+09:00,Play,2025-10-15,,https://www.ransomware.live/id/R2xvYmFsIFNob3AgU29sdXRpb25zQHBsYXk=,United States...,
ransomware.live,victim,https://www.ransomware.live/id/TGVnYWN5IE1hbnVmYWN0dXJpbmdAcGxheQ==,Legacy Manufacturing,https://www.legacymfg.com,,,,,,,,2025-10-17T09:53:47.357839+00:00,2025-10-17T18:53:47.357854+09:00,Play,2025-10-15,,https://www.ransomware.live/id/TGVnYWN5IE1hbnVmYWN0dXJpbmdAcGxheQ==,United States...,
ransomware.live,victim,https://www.ransomware.live/id/S29jaCAmIFdoaXRlIEhlYXRpbmcgJiBDb29saW5nQHBsYXk=,Koch & White Heating & Cooling,https://www.koch-white.com,US,,,,,,,2025-10-17T09:53:47.357839+00:00,2025-10-17T18:53:47.357854+09:00,Play,2025-10-15,,https://www.ransomware.live/id/S29jaCAmIFdoaXRlIEhlYXRpbmcgJiBDb29saW5nQHBsYXk=,United States...,
ransomware.live,victim,https://www.ransomware.live/id/Um95YWwgVGhhaUBwbGF5,Royal Thai,https://www.royalthai.com,TH,,,,,,,2025-10-17T09:53:47.357839+00:00,2025-10-17T18:53:47.357854+09:00,Play,2025-10-15,,https://www.ransomware.live/id/Um95YWwgVGhhaUBwbGF5,United States...,
ransomware.live,victim,https://www.ransomware.live/id/RU1CQVNZIE9GIEJPTElWSUEgRENAZGV2bWFu,EMBASY OF BOLIVIA DC,,BO,,,,,,,2025-10-17T09:53:47.357839+00:00,2025-10-17T18:53:47.357854+09:00,Devman,2025-10-15,,https://www.ransomware.live/id/RU1CQVNZIE9GIEJPTElWSUEgRENAZGV2bWFu,"Ransom: 200k
400gb...",
ransomware.live,victim,https://www.ransomware.live/id/cmVnaW9uYWx1cm9sb2d5LmNvbUBkZXZtYW4=,regionalurology.com,https://regionalurology.com,US,,,,,,,2025-10-17T09:53:47.357839+00:00,2025-10-17T18:53:47.357854+09:00,Devman,2025-10-15,,https://www.ransomware.live/id/cmVnaW9uYWx1cm9sb2d5LmNvbUBkZXZtYW4=,"Ransom: 200k
300gb...",
ransomware.live,victim,https://www.ransomware.live/id/Q29yZSBSZXNvdXJjZXMgSW5jIChDUkkpQHNpbm9iaQ==,Core Resources Inc (CRI),,US,,,,,,,2025-10-17T09:53:47.357839+00:00,2025-10-17T18:53:47.357854+09:00,Sinobi,2025-10-15,,https://www.ransomware.live/id/Q29yZSBSZXNvdXJjZXMgSW5jIChDUkkpQHNpbm9iaQ==,"Core Resources specializes in real estate development, general contracting, and owner representation...",
ransomware.live,victim,https://www.ransomware.live/id/TmV3bWFyayBIZWFsdGhjYXJlIFNlcnZpY2VzQHNpbm9iaQ==,Newmark Healthcare Services,,US,,,,,,,2025-10-17T09:53:47.357839+00:00,2025-10-17T18:53:47.357854+09:00,Sinobi,2025-10-15,,https://www.ransomware.live/id/TmV3bWFyayBIZWFsdGhjYXJlIFNlcnZpY2VzQHNpbm9iaQ==,"Newmark Healthcare Services specializes in healthcare recruiting, staffing, and medical career place...",
ransomware.live,victim,https://www.ransomware.live/id/RWFzdCBKZWZmZXJzb24gR2VuZXJhbCBIb3NwaXRhbEBzaW5vYmk=,East Jefferson General Hospital,,US,,,,,,,2025-10-17T09:53:47.357839+00:00,2025-10-17T18:53:47.357854+09:00,Sinobi,2025-10-15,,https://www.ransomware.live/id/RWFzdCBKZWZmZXJzb24gR2VuZXJhbCBIb3NwaXRhbEBzaW5vYmk=,"Established in 1971, East Jefferson General Hospital is a non-profit community hospital providing ca...",
ransomware.live,victim,https://www.ransomware.live/id/WmllcmljayBNYW51ZmFjdHVyaW5nIENvcnBvcmF0aW9uQHNpbm9iaQ==,Zierick Manufacturing Corporation,,US,,,,,,,2025-10-17T09:53:47.357839+00:00,2025-10-17T18:53:47.357854+09:00,Sinobi,2025-10-15,,https://www.ransomware.live/id/WmllcmljayBNYW51ZmFjdHVyaW5nIENvcnBvcmF0aW9uQHNpbm9iaQ==,"Founded in 1919 and headquartered in Mount Kisco, New York, Zierick Manufacturing engages in designi...",
ransomware.live,victim,https://www.ransomware.live/id/Q2VudHVyaW9uIEZhbWlseSBPZmZpY2UgU2VydmljZXMgTExDQHFpbGlu,Centurion Family Office Services LLC,https://centurionfos.com,US,,,,,,,2025-10-17T09:53:47.357839+00:00,2025-10-17T18:53:47.357854+09:00,Qilin,2025-10-15,,https://www.ransomware.live/id/Q2VudHVyaW9uIEZhbWlseSBPZmZpY2UgU2VydmljZXMgTExDQHFpbGlu,"Centurion originated as an idea to bring the high-value, high-impact services, traditionally reserve...",
ransomware.live,victim,https://www.ransomware.live/id/Q2hhbXBpb25YQGNvaW5iYXNlY2FydGVs,ChampionX,https://championx.com,US,,,,,,,2025-10-17T09:53:47.357839+00:00,2025-10-17T18:53:47.357854+09:00,Coinbasecartel,2025-10-15,,https://www.ransomware.live/id/Q2hhbXBpb25YQGNvaW5iYXNlY2FydGVs,"Headquartered in The Woodlands, Texas, ChampionX is a global leader in chemistry solutions and highl...",
ransomware.live,victim,https://www.ransomware.live/id/VHVybmtleSBBZnJpY2FAcWlsaW4=,Turnkey Africa,https://www.turnkeyafrica.com,KE,,,,,,,2025-10-17T09:53:47.357839+00:00,2025-10-17T18:53:47.357854+09:00,Qilin,2025-10-15,,https://www.ransomware.live/id/VHVybmtleSBBZnJpY2FAcWlsaW4=,Turnkey Africa is a leading provider of technology solutions for the insurance industry across Afric...,
ransomware.live,victim,https://www.ransomware.live/id/U3VwZXJpb3IgTGluZW4gU2VydmljZUBxaWxpbg==,Superior Linen Service,https://www.superiorlinen.com,US,,,,,,,2025-10-17T09:53:47.357839+00:00,2025-10-17T18:53:47.357854+09:00,Qilin,2025-10-15,,https://www.ransomware.live/id/U3VwZXJpb3IgTGluZW4gU2VydmljZUBxaWxpbg==,The Superior Linen Supply Company is designed to serve as an extension of our customers' business. B...,
ransomware.live,victim,https://www.ransomware.live/id/QnVhbmRlcmllIEJsYW5jaGVsbGVAcWlsaW4=,Buanderie Blanchelle,https://www.blanchelle.net,CA,,,,,,,2025-10-17T09:53:47.357839+00:00,2025-10-17T18:53:47.357854+09:00,Qilin,2025-10-15,,https://www.ransomware.live/id/QnVhbmRlcmllIEJsYW5jaGVsbGVAcWlsaW4=,"Buanderie Blanchelle specializes in the provision and maintenance of hospital textile products, offe...",
ransomware.live,victim,https://www.ransomware.live/id/UGFuZ2VhQHFpbGlu,Pangea,https://www.pangea.es,CL,,,,,,,2025-10-17T09:53:47.357839+00:00,2025-10-17T18:53:47.357854+09:00,Qilin,2025-10-15,,https://www.ransomware.live/id/UGFuZ2VhQHFpbGlu,"PANGEA The Travel Store is a boutique travel agency that designs bespoke, full-service trips tailore...",
ransomware.live,victim,https://www.ransomware.live/id/VmljdG9yeSBDaHJpc3RpYW4gQ2VudGVyQHFpbGlu,Victory Christian Center,https://www.victory.com,,,,,,,,2025-10-17T09:53:47.357839+00:00,2025-10-17T18:53:47.357854+09:00,Qilin,2025-10-15,,https://www.ransomware.live/id/VmljdG9yeSBDaHJpc3RpYW4gQ2VudGVyQHFpbGlu,"Victory Church is a community-focused church located in Tulsa, OK, dedicated to fostering a space wh...",
ransomware.live,victim,https://www.ransomware.live/id/QmF5IFdlc3RAcWlsaW4=,Bay West,https://www.baywest.com,,,,,,,,2025-10-17T09:53:47.357839+00:00,2025-10-17T18:53:47.357854+09:00,Qilin,2025-10-15,,https://www.ransomware.live/id/QmF5IFdlc3RAcWlsaW4=,Bay West LLC provides environmental consulting and remediation services for government and commercia...,
ransomware.live,victim,https://www.ransomware.live/id/RmxvcmlkYSBNYXJraW5nIFByb2R1Y3RzQHFpbGlu,Florida Marking Products,https://www.floridamarking.com,US,,,,,,,2025-10-17T09:53:47.357839+00:00,2025-10-17T18:53:47.357854+09:00,Qilin,2025-10-15,,https://www.ransomware.live/id/RmxvcmlkYSBNYXJraW5nIFByb2R1Y3RzQHFpbGlu,"The Kennedy Group, an Inovar company, specializes in providing innovative labeling and packaging sol...",
ransomware.live,victim,https://www.ransomware.live/id/VEYgTEUgVE9JVCBGT1JFWklFTkBxaWxpbg==,TF LE TOIT FOREZIEN,https://www.toitforezien.fr,FR,,,,,,,2025-10-17T09:53:47.357839+00:00,2025-10-17T18:53:47.357854+09:00,Qilin,2025-10-15,,https://www.ransomware.live/id/VEYgTEUgVE9JVCBGT1JFWklFTkBxaWxpbg==,"Real estate - build and manage, possibly acquire and develop for the benefit of its members with a v...",
ransomware.live,victim,https://www.ransomware.live/id/V2hlYWxlIExhdyBGaXJtQHFpbGlu,Wheale Law Firm,https://www.whealelaw.com,US,,,,,,,2025-10-17T09:53:47.357839+00:00,2025-10-17T18:53:47.357854+09:00,Qilin,2025-10-15,,https://www.ransomware.live/id/V2hlYWxlIExhdyBGaXJtQHFpbGlu,"It's Wheale Law Firm's vision that justice is achieved, tailored to each client's case.
Most injury ...",
ransomware.live,victim,https://www.ransomware.live/id/dmlsbGUtZWxuZUBxaWxpbg==,ville-elne,https://www.ville-elne.fr/fr,FR,,,,,,,2025-10-17T09:53:47.357839+00:00,2025-10-17T18:53:47.357854+09:00,Qilin,2025-10-15,,https://www.ransomware.live/id/dmlsbGUtZWxuZUBxaWxpbg==,"Elne is a commune in the Pyrénées-Orientales department in southern France.
It lies in the former pr...",
ransomware.live,victim,https://www.ransomware.live/id/QXNhaGkgR3JvdXAgSG9sZGluZ3NAcWlsaW4=,Asahi Group Holdings,https://www.asahigroup-holdings.com,JP,,,,,,,2025-10-17T09:53:47.357839+00:00,2025-10-17T18:53:47.357854+09:00,Qilin,2025-10-15,,https://www.ransomware.live/id/QXNhaGkgR3JvdXAgSG9sZGluZ3NAcWlsaW4=,"Asahi Group Holdings, founded in 1889 and headquartered in Tokyo, Japan, is a global food and bevera...",
ransomware.live,victim,https://www.ransomware.live/id/Q29tbXVuZSBEZSBTYWludCBDbGF1ZGVAcWlsaW4=,Commune De Saint Claude,https://www.ville-saintclaude.fr,FR,,,,,,,2025-10-17T09:53:47.357839+00:00,2025-10-17T18:53:47.357854+09:00,Qilin,2025-10-15,,https://www.ransomware.live/id/Q29tbXVuZSBEZSBTYWludCBDbGF1ZGVAcWlsaW4=,"The Mairie de Saint-Claude provides a range of municipal services to the residents of Saint-Claude, ...",
ransomware.live,victim,https://www.ransomware.live/id/TEVZSEFVU0VOIFJlc2VhcmNoQHFpbGlu,LEYHAUSEN Research,https://www.leyhausen.com,DE,,,,,,,2025-10-17T09:53:47.357839+00:00,2025-10-17T18:53:47.357854+09:00,Qilin,2025-10-15,,https://www.ransomware.live/id/TEVZSEFVU0VOIFJlc2VhcmNoQHFpbGlu,"Leyhausen Research GmbH is a leading provider of global field services since 1996, headquartered in ...",
ransomware.live,victim,https://www.ransomware.live/id/S2Vhcm5leSBQdWJsaWMgU2Nob29sc0BpbnRlcmxvY2s=,Kearney Public Schools,https://kearneypublicschools.org,US,,,,,,,2025-10-17T09:53:47.357839+00:00,2025-10-17T18:53:47.357854+09:00,Interlock,2025-10-15,,https://www.ransomware.live/id/S2Vhcm5leSBQdWJsaWMgU2Nob29sc0BpbnRlcmxvY2s=,Kearney Public Schools is a school district comprised of 18 schools of various ages! This school has...,
ransomware.live,victim,https://www.ransomware.live/id/d3d3LmNic2F1c3Qub3JnLmF1QGx5bng=,www.cbsaust.org.au,https://www.cbsaust.org.au,AU,,,,,,,2025-10-17T09:53:47.357839+00:00,2025-10-17T18:53:47.357854+09:00,Lynx,2025-10-15,2025-10-10,https://www.ransomware.live/id/d3d3LmNic2F1c3Qub3JnLmF1QGx5bng=,CBS Tasmania is a not-for-profit organization that provides personalized aged care and disability se...,
ransomware.live,victim,https://www.ransomware.live/id/VGhlIE5vcnRoIFN0b25pbmd0b24gU2Nob29sIERpc3RyaWN0QGludGVybG9jaw==,The North Stonington School District,https://northstonington.k12.ct.us,US,,,,,,,2025-10-17T09:53:47.357839+00:00,2025-10-17T18:53:47.357854+09:00,Interlock,2025-10-15,,https://www.ransomware.live/id/VGhlIE5vcnRoIFN0b25pbmd0b24gU2Nob29sIERpc3RyaWN0QGludGVybG9jaw==,"North Stonington Public Schools have two public schools and 736 students, strives to create a safe e...",
ransomware.live,victim,https://www.ransomware.live/id/TmF2aWdhdG9yIEJ1c2luZXNzIFNvbHV0aW9uc0BwZWFy,Navigator Business Solutions,https://nbs-us.com,US,,,,,,,2025-10-17T09:53:47.357839+00:00,2025-10-17T18:53:47.357854+09:00,Pear,2025-10-15,2025-10-02,https://www.ransomware.live/id/TmF2aWdhdG9yIEJ1c2luZXNzIFNvbHV0aW9uc0BwZWFy,Helps companies conquer their industry and business complexity by implementing and supporting the be...,
ransomware.live,victim,https://www.ransomware.live/id/VW5pbWVkIGRvIEJyYXNpbEBzYXJjb21h,Unimed do Brasil,,BR,,,,,,,2025-10-17T09:53:47.357839+00:00,2025-10-17T18:53:47.357854+09:00,Sarcoma,2025-10-15,,https://www.ransomware.live/id/VW5pbWVkIGRvIEJyYXNpbEBzYXJjb21h,"Unimed do Brasil
Unimed Pelotas is a comprehensive health service center located in Pelotas, Brazil,...",
ransomware.live,victim,https://www.ransomware.live/id/QWxsIFRydWNrIFRyYW5zcG9ydGF0aW9uIENvLiwgSW5jLkBxaWxpbg==,"All Truck Transportation Co., Inc.",https://www.alltruck.com,US,,,,,,,2025-10-17T09:53:47.357839+00:00,2025-10-17T18:53:47.357854+09:00,Qilin,2025-10-15,2025-08-19,https://www.ransomware.live/id/QWxsIFRydWNrIFRyYW5zcG9ydGF0aW9uIENvLiwgSW5jLkBxaWxpbg==,"All Truck Transportation Co., Inc. is an asset-based carrier offering local and regional truckload t...",
ransomware.live,victim,https://www.ransomware.live/id/Q2hhcmxlcyBSaXZlciBQcm9wZXJ0aWVzQHFpbGlu,Charles River Properties,https://charlesriver.properties,US,,,,,,,2025-10-17T09:53:47.357839+00:00,2025-10-17T18:53:47.357854+09:00,Qilin,2025-10-15,2025-10-14,https://www.ransomware.live/id/Q2hhcmxlcyBSaXZlciBQcm9wZXJ0aWVzQHFpbGlu,"Charles River Properties, USA -  a real estate brokerage based in Waltham, Massachusetts, that handl...",
ransomware.live,victim,https://www.ransomware.live/id/SUNFVCBTdHVkaW9zQHRoZWdlbnRsZW1lbg==,ICET Studios,https://www.icetstudios.com,,,,,,,,2025-10-17T09:53:47.357839+00:00,2025-10-17T18:53:47.357854+09:00,Thegentlemen,2025-10-14,,https://www.ransomware.live/id/SUNFVCBTdHVkaW9zQHRoZWdlbnRsZW1lbg==,www.icetstudios.com All'interno delle proprie strutture la ICET Studios dispone di personale qualifi...,
ransomware.live,victim,https://www.ransomware.live/id/TGFuZG1hcmsgTWFuYWdlbWVudEBxaWxpbg==,Landmark Management,https://www.landmarkmgtinc.com,,,,,,,,2025-10-17T09:53:47.357839+00:00,2025-10-17T18:53:47.357854+09:00,Qilin,2025-10-14,,https://www.ransomware.live/id/TGFuZG1hcmsgTWFuYWdlbWVudEBxaWxpbg==,"Landmark Management, Inc., manages 90 projects, consisting of 2,462 units across 5 states. Whether y...",
ransomware.live,victim,https://www.ransomware.live/id/TmV3IEplcnNleSBQcm9wZXJ0eS1MaWFiaWxpdHkgSW5zdXJhbmNlIEd1YXJhbnR5IEFzc29jaWF0aW9uQHFpbGlu,New Jersey Property-Liability Insurance Guaranty Association,https://www.njguaranty.org,US,,,,,,,2025-10-17T09:53:47.357839+00:00,2025-10-17T18:53:47.357854+09:00,Qilin,2025-10-14,,https://www.ransomware.live/id/TmV3IEplcnNleSBQcm9wZXJ0eS1MaWFiaWxpdHkgSW5zdXJhbmNlIEd1YXJhbnR5IEFzc29jaWF0aW9uQHFpbGlu,The New Jersey Property-Liability Insurance Guaranty Association provides essential claims services ...,
ransomware.live,victim,https://www.ransomware.live/id/U0ZHIFRlY2hub2xvZ3kgU2RuIEJoZEBxaWxpbg==,SFG Technology Sdn Bhd,https://www.sfg.com.my,MY,,,,,,,2025-10-17T09:53:47.357839+00:00,2025-10-17T18:53:47.357854+09:00,Qilin,2025-10-14,,https://www.ransomware.live/id/U0ZHIFRlY2hub2xvZ3kgU2RuIEJoZEBxaWxpbg==,"SFG Technology specializes in high voltage and medium voltage electrical power systems, solar renewa...",
ransomware.live,victim,https://www.ransomware.live/id/V2ViQ3V0IENvbnZlcnRpbmdAcWlsaW4=,WebCut Converting,https://www.webcutconverting.com,US,,,,,,,2025-10-17T09:53:47.357839+00:00,2025-10-17T18:53:47.357854+09:00,Qilin,2025-10-14,,https://www.ransomware.live/id/V2ViQ3V0IENvbnZlcnRpbmdAcWlsaW4=,"WebCut Converting, Inc. specializes in contract slitting, laminating, and sheeting services tailored...",
ransomware.live,victim,https://www.ransomware.live/id/S2VjeSBNZXRhbCBUZWNobm9sb2dpZXNAcWlsaW4=,Kecy Metal Technologies,https://www.kecymetals.com,US,,,,,,,2025-10-17T09:53:47.357839+00:00,2025-10-17T18:53:47.357854+09:00,Qilin,2025-10-14,,https://www.ransomware.live/id/S2VjeSBNZXRhbCBUZWNobm9sb2dpZXNAcWlsaW4=,Kecy Metal Technologies (formerly Kecy Corporation) was established in 1988 as a supplier of NVH com...,
ransomware.live,victim,https://www.ransomware.live/id/Vm9sa3N3YWdlbiBHcm91cCBGcmFuY2VAcWlsaW4=,Volkswagen Group France,https://www.volkswagen.fr/fr.html,FR,,,,,,,2025-10-17T09:53:47.357839+00:00,2025-10-17T18:53:47.357854+09:00,Qilin,2025-10-14,,https://www.ransomware.live/id/Vm9sa3N3YWdlbiBHcm91cCBGcmFuY2VAcWlsaW4=,"Volkswagen Group France, a subsidiary of Volkswagen AG, is a prominent player in the automotive indu...",
ransomware.live,victim,https://www.ransomware.live/id/UHJvLUZhYkBxaWxpbg==,Pro-Fab,https://www.pro-fab.com,CA,,,,,,,2025-10-17T09:53:47.357839+00:00,2025-10-17T18:53:47.357854+09:00,Qilin,2025-10-14,,https://www.ransomware.live/id/UHJvLUZhYkBxaWxpbg==,"Pro Fab, Inc. specializes in custom design and fabrication products and services primarily for clean...",
ransomware.live,victim,https://www.ransomware.live/id/R2FudGhlciBDb25zdHJ1Y3Rpb25Ac2lub2Jp,Ganther Construction,,US,,,,,,,2025-10-17T09:53:47.357839+00:00,2025-10-17T18:53:47.357854+09:00,Sinobi,2025-10-14,2025-08-09,https://www.ransomware.live/id/R2FudGhlciBDb25zdHJ1Y3Rpb25Ac2lub2Jp,"Established in 1979, GCI is headquartered in Anchorage, Alaska. They are a telecommunications provid...",
ransomware.live,victim,https://www.ransomware.live/id/Q2FuYXDDqXMgTW9iaWxpZXIgRMOpY29yYXRpb25AcWlsaW4=,Canapés Mobilier Décoration,https://www.l-loft.fr,FR,,,,,,,2025-10-17T09:53:47.357839+00:00,2025-10-17T18:53:47.357854+09:00,Qilin,2025-10-14,,https://www.ransomware.live/id/Q2FuYXDDqXMgTW9iaWxpZXIgRMOpY29yYXRpb25AcWlsaW4=,"L.LOFT offers a selection of customizable sofas and armchairs in leather, fabric, or microfiber: str...",
ransomware.live,victim,https://www.ransomware.live/id/UHJpbSBTYXZldXJzIEltcG9ydCBFeHBvcnRAcWlsaW4=,Prim Saveurs Import Export,https://public.saintcharlesinternational.com,FR,,,,,,,2025-10-17T09:53:47.357839+00:00,2025-10-17T18:53:47.357854+09:00,Qilin,2025-10-14,,https://www.ransomware.live/id/UHJpbSBTYXZldXJzIEltcG9ydCBFeHBvcnRAcWlsaW4=,"PRIM'SAVEURS IMPORT EXPORT SARL was founded on January 22, 2008, 18 years ago. Its legal form is a l...",
ransomware.live,victim,https://www.ransomware.live/id/UmloYXRlYyBTeXN0ZW1sw7ZzdW5nZW5AcWlsaW4=,Rihatec Systemlösungen,https://www.rihatec.de,DE,,,,,,,2025-10-17T09:53:47.357839+00:00,2025-10-17T18:53:47.357854+09:00,Qilin,2025-10-14,,https://www.ransomware.live/id/UmloYXRlYyBTeXN0ZW1sw7ZzdW5nZW5AcWlsaW4=,Rihatec specializes in the construction of control cabinets and automation solutions for machines an...,
ransomware.live,victim,https://www.ransomware.live/id/RXhlY3V0aXZlIENhYmluZXRyeUBxaWxpbg==,Executive Cabinetry,https://www.executivecabinetry.com,US,,,,,,,2025-10-17T09:53:47.357839+00:00,2025-10-17T18:53:47.357854+09:00,Qilin,2025-10-14,,https://www.ransomware.live/id/RXhlY3V0aXZlIENhYmluZXRyeUBxaWxpbg==,"Located in Simpsonville, South Carolina, Executive Cabinetry is an industry leader in semi-custom an...",
ransomware.live,victim,https://www.ransomware.live/id/QWx1IFBlcnBpZ25hbkBxaWxpbg==,Alu Perpignan,https://alu-perpignan.fr,FR,,,,,,,2025-10-17T09:53:47.357839+00:00,2025-10-17T18:53:47.357854+09:00,Qilin,2025-10-14,,https://www.ransomware.live/id/QWx1IFBlcnBpZ25hbkBxaWxpbg==,"ALU Perpignan specializes in PVC and aluminum joinery for individuals and professionals, working on ...",
ransomware.live,victim,https://www.ransomware.live/id/SG9tZS8gU2NocmFtbSBVZG8gRGlwbCBLZm0gU3RldWVyYmVyYXRlckBxaWxpbg==,Home/ Schramm Udo Dipl Kfm Steuerberater,https://www.kanzlei-schramm.com,DE,,,,,,,2025-10-17T09:53:47.357839+00:00,2025-10-17T18:53:47.357854+09:00,Qilin,2025-10-14,,https://www.ransomware.live/id/SG9tZS8gU2NocmFtbSBVZG8gRGlwbCBLZm0gU3RldWVyYmVyYXRlckBxaWxpbg==,The Marcus Schramm Law Firm offers competent legal advice and an experienced team. We specialize in ...,
ransomware.live,victim,https://www.ransomware.live/id/Um9nZXIgUkVOQVJEIEVudHJlcHJpc2VAcWlsaW4=,Roger RENARD Entreprise,https://www.roger-renard.fr,FR,,,,,,,2025-10-17T09:53:47.357839+00:00,2025-10-17T18:53:47.357854+09:00,Qilin,2025-10-14,,https://www.ransomware.live/id/Um9nZXIgUkVOQVJEIEVudHJlcHJpc2VAcWlsaW4=,"A family business founded in 1951 in Amélie-les-Bains (66) by Roger RENARD, we specialize in air con...",
ransomware.live,victim,https://www.ransomware.live/id/SHVudGVyIENvbnN0cnVjdGlvbiBHcm91cEBxaWxpbg==,Hunter Construction Group,https://www.hunterconstructiongroup.com,,,,,,,,2025-10-17T09:53:47.357839+00:00,2025-10-17T18:53:47.357854+09:00,Qilin,2025-10-14,,https://www.ransomware.live/id/SHVudGVyIENvbnN0cnVjdGlvbiBHcm91cEBxaWxpbg==,"With a relentless drive to exceed excellence, Jason and West Hunter III, have grown Hunter Construct...",
ransomware.live,victim,https://www.ransomware.live/id/VXJiYW4gTGlua2VyQHFpbGlu,Urban Linker,https://www.urbanlinker.com,FR,,,,,,,2025-10-17T09:53:47.357839+00:00,2025-10-17T18:53:47.357854+09:00,Qilin,2025-10-14,,https://www.ransomware.live/id/VXJiYW4gTGlua2VyQHFpbGlu,Urban Linker is a recruitment agency that specializes in sourcing and placing digital and tech profe...,
ransomware.live,victim,https://www.ransomware.live/id/QWxxdWVyaWFAcWlsaW4=,Alqueria,https://www.alqueria.com.co,CO,,,,,,,2025-10-17T09:53:47.357839+00:00,2025-10-17T18:53:47.357854+09:00,Qilin,2025-10-14,,https://www.ransomware.live/id/QWxxdWVyaWFAcWlsaW4=,"Productos Naturales de la Sabana S.A.S., doing business as Alquería, is a Colombian company that pro...",
ransomware.live,victim,https://www.ransomware.live/id/U0lDRUBxaWxpbg==,SICE,https://www.sice.com,ES,,,,,,,2025-10-17T09:53:47.357839+00:00,2025-10-17T18:53:47.357854+09:00,Qilin,2025-10-14,,https://www.ransomware.live/id/U0lDRUBxaWxpbg==,SICE is a leading multinational company in technology integration for public infrastructure manageme...,
ransomware.live,victim,https://www.ransomware.live/id/RVVST1JESVNAcWlsaW4=,EURORDIS,https://www.eurordis.org,FR,,,,,,,2025-10-17T09:53:47.357839+00:00,2025-10-17T18:53:47.357854+09:00,Qilin,2025-10-14,,https://www.ransomware.live/id/RVVST1JESVNAcWlsaW4=,"EURORDIS is an organization dedicated to advocating for, empowering, and engaging individuals affect...",
ransomware.live,victim,https://www.ransomware.live/id/UFFDTkMgSG9zcGl0YWxzQHFpbGlu,PQCNC Hospitals,https://www.pqcnc.org,,,,,,,,2025-10-17T09:53:47.357839+00:00,2025-10-17T18:53:47.357854+09:00,Qilin,2025-10-14,,https://www.ransomware.live/id/UFFDTkMgSG9zcGl0YWxzQHFpbGlu,The Perinatal Quality Collaborative of North Carolina is a community-focused organization dedicated ...,
ransomware.live,victim,https://www.ransomware.live/id/VVQgSGVhbHRoIEF1c3RpbkBxaWxpbg==,UT Health Austin,https://www.uthealthaustin.org,US,,,,,,,2025-10-17T09:53:47.357839+00:00,2025-10-17T18:53:47.357854+09:00,Qilin,2025-10-14,,https://www.ransomware.live/id/VVQgSGVhbHRoIEF1c3RpbkBxaWxpbg==,"UT Health Austin is the clinical practice of the Dell Medical School located in downtown Austin, off...",
ransomware.live,victim,https://www.ransomware.live/id/WkVGJ3NAcWlsaW4=,ZEF's,https://www.zef.de,FI,,,,,,,2025-10-17T09:53:47.357839+00:00,2025-10-17T18:53:47.357854+09:00,Qilin,2025-10-14,,https://www.ransomware.live/id/WkVGJ3NAcWlsaW4=,"The Center for Development Research (ZEF) is an institute of the University of Bonn, Germany. It sta...",
ransomware.live,victim,https://www.ransomware.live/id/UGFyaXMgUsOpdGluYSBWaXNpb25AcWlsaW4=,Paris Rétina Vision,https://www.parisretinavision.fr,FR,,,,,,,2025-10-17T09:53:47.357839+00:00,2025-10-17T18:53:47.357854+09:00,Qilin,2025-10-14,,https://www.ransomware.live/id/UGFyaXMgUsOpdGluYSBWaXNpb25AcWlsaW4=,"The center features a state-of-the-art technical platform on two levels, allowing for the performanc...",
ransomware.live,victim,https://www.ransomware.live/id/QnVsZGlAcWlsaW4=,Buldi,https://www.buldi.fr,,,,,,,,2025-10-17T09:53:47.357839+00:00,2025-10-17T18:53:47.357854+09:00,Qilin,2025-10-14,,https://www.ransomware.live/id/QnVsZGlAcWlsaW4=,Buldi offers a platform for individuals looking to build or expand their homes by configuring their ...,
ransomware.live,victim,https://www.ransomware.live/id/Q2l0eSBvZiBSaXZpZXJhIEJlYWNoLCBGbG9yaWRhQHFpbGlu,"City of Riviera Beach, Florida",https://www.rivierabch.com,US,,,,,,,2025-10-17T09:53:47.357839+00:00,2025-10-17T18:53:47.357854+09:00,Qilin,2025-10-14,,https://www.ransomware.live/id/Q2l0eSBvZiBSaXZpZXJhIEJlYWNoLCBGbG9yaWRhQHFpbGlu,The City of Riviera Beach is committed to making its' website/social media accessible and user-frien...,
ransomware.live,victim,https://www.ransomware.live/id/R2l0dGVucyBIZWFsdGhjYXJlQHFpbGlu,Gittens Healthcare,https://www.gittenshealthcare.com,,,,,,,,2025-10-17T09:53:47.357839+00:00,2025-10-17T18:53:47.357854+09:00,Qilin,2025-10-14,,https://www.ransomware.live/id/R2l0dGVucyBIZWFsdGhjYXJlQHFpbGlu,"Gittens Healthcare is a leading pharmacy located in Grenada, offering a wide variety of products inc...",
ransomware.live,victim,https://www.ransomware.live/id/VHJhbnMtV29ybGQgU2hpcHBpbmcgU2VydmljZUBxaWxpbg==,Trans-World Shipping Service,https://www.tws-tac.net,,,,,,,,2025-10-17T09:53:47.357839+00:00,2025-10-17T18:53:47.357854+09:00,Qilin,2025-10-14,,https://www.ransomware.live/id/VHJhbnMtV29ybGQgU2hpcHBpbmcgU2VydmljZUBxaWxpbg==,"Trans-World Shipping Service, Inc. and Toledo Air Cargo, Inc. are full-service companies offering a ...",
ransomware.live,victim,https://www.ransomware.live/id/QWRkaXNAcWlsaW4=,Addis,https://www.addisla.org,ET,,,,,,,2025-10-17T09:53:47.357839+00:00,2025-10-17T18:53:47.357854+09:00,Qilin,2025-10-14,,https://www.ransomware.live/id/QWRkaXNAcWlsaW4=,"Addis, Louisiana, located in West Baton Rouge Parish, along the Mississippi River, situated on Louis...",
ransomware.live,victim,https://www.ransomware.live/id/RGl0cmFuc2FAcWlsaW4=,Ditransa,https://www.ditransa.com.co,CO,,,,,,,2025-10-17T09:53:47.357839+00:00,2025-10-17T18:53:47.357854+09:00,Qilin,2025-10-14,,https://www.ransomware.live/id/RGl0cmFuc2FAcWlsaW4=,"Ditransa specializes in logistics services aimed at optimizing every stage of the supply chain, from...",
ransomware.live,victim,https://www.ransomware.live/id/TGFSb3NhJ3NAcWlsaW4=,LaRosa's,https://www.larosas.com,US,,,,,,,2025-10-17T09:53:47.357839+00:00,2025-10-17T18:53:47.357854+09:00,Qilin,2025-10-14,,https://www.ransomware.live/id/TGFSb3NhJ3NAcWlsaW4=,"LaRosa's, Inc. operates and franchises Italian restaurants and family pizzerias. The company offers ...",
ransomware.live,victim,https://www.ransomware.live/id/TWNHZW9yZ2UgQXJjaGl0ZWN0dXJlIEludGVyaW9yc0BxaWxpbg==,McGeorge Architecture Interiors,https://www.mcgeorgeai.com,US,,,,,,,2025-10-17T09:53:47.357839+00:00,2025-10-17T18:53:47.357854+09:00,Qilin,2025-10-14,,https://www.ransomware.live/id/TWNHZW9yZ2UgQXJjaGl0ZWN0dXJlIEludGVyaW9yc0BxaWxpbg==,McGeorge Architecture Interiors (MAI) is a full service architecture and interior design firm specia...,
ransomware.live,victim,https://www.ransomware.live/id/VHlwb2xvZ3lAcWlsaW4=,Typology,https://www.typology.com,FR,,,,,,,2025-10-17T09:53:47.357839+00:00,2025-10-17T18:53:47.357854+09:00,Qilin,2025-10-14,,https://www.ransomware.live/id/VHlwb2xvZ3lAcWlsaW4=,"Typology offers natural vegan skincare products made in France, focusing on studying the right ingre...",
ransomware.live,victim,https://www.ransomware.live/id/KioqKioqIGVtYmFzc3kgRC5DQGRldm1hbg==,****** embassy D.C,,,,,,,,,2025-10-17T09:53:47.357839+00:00,2025-10-17T18:53:47.357854+09:00,Devman,2025-10-14,,https://www.ransomware.live/id/KioqKioqIGVtYmFzc3kgRC5DQGRldm1hbg==,Ransom: 200000 USD...,
